origin,split,model,horizon,score,n_rows,actual_sum
2022-08-04 00:00:00,selection,ensemble_bucket_selected,1,0.7234721815746898,24.0,184.0
2022-08-04 00:00:00,selection,ensemble_bucket_selected,2,0.5456531604896855,24.0,186.0
2022-08-04 00:00:00,selection,ensemble_bucket_selected,3,0.6816822563340894,24.0,181.0
2022-08-04 00:00:00,selection,ensemble_bucket_selected,4,0.6969733334899921,24.0,138.0
2022-08-04 00:00:00,selection,ensemble_bucket_selected,5,0.5201789734482278,24.0,260.0
2022-08-04 00:00:00,selection,ensemble_bucket_selected,6,0.7724040102816015,24.0,165.0
2022-08-04 00:00:00,selection,ensemble_bucket_selected,7,0.6071957946747726,24.0,146.0
2022-08-04 00:00:00,selection,ensemble_bucket_selected,8,0.6460893149757663,24.0,197.0
2022-08-04 00:00:00,selection,ensemble_bucket_selected,9,0.5669248509595479,24.0,184.0
2022-08-04 00:00:00,selection,ensemble_bucket_selected,10,0.5059996515844344,24.0,159.0
2022-08-04 00:00:00,selection,ensemble_bucket_selected,11,0.5999424557719643,24.0,183.0
2022-08-04 00:00:00,selection,ensemble_bucket_selected,12,0.6289374673598742,24.0,192.0
2022-08-04 00:00:00,selection,ensemble_bucket_selected,13,0.654001885121758,24.0,170.0
2022-08-04 00:00:00,selection,ensemble_bucket_selected,14,0.6580383249207986,24.0,186.0
2022-08-04 00:00:00,selection,ensemble_bucket_selected,15,0.6335201893198442,24.0,181.0
2022-08-04 00:00:00,selection,ensemble_bucket_selected,16,0.6227305410633834,24.0,167.0
2022-08-04 00:00:00,selection,ensemble_bucket_selected,17,0.619634825706227,24.0,212.0
2022-08-04 00:00:00,selection,ensemble_bucket_selected,18,0.5040390490570934,24.0,225.0
2022-08-04 00:00:00,selection,ensemble_bucket_selected,19,0.6877647369534101,24.0,179.0
2022-08-04 00:00:00,selection,ensemble_bucket_selected,20,0.6251755326580232,24.0,181.0
2022-08-04 00:00:00,selection,ensemble_bucket_selected,21,0.7124099501595106,24.0,189.0
2022-08-04 00:00:00,selection,ensemble_bucket_selected,22,0.7026697421266265,24.0,200.0
2022-08-04 00:00:00,selection,ensemble_bucket_selected,23,0.603111953484467,24.0,190.0
2022-08-04 00:00:00,selection,ensemble_bucket_selected,24,0.6544262867284835,24.0,183.0
2022-08-04 00:00:00,selection,ensemble_bucket_selected,25,0.5883784624658525,24.0,204.0
2022-08-04 00:00:00,selection,ensemble_bucket_selected,26,0.630174021993498,24.0,205.0
2022-08-04 00:00:00,selection,ensemble_bucket_selected,27,0.6719593613997152,24.0,146.0
2022-08-04 00:00:00,selection,ensemble_bucket_selected,28,0.6602394453135486,24.0,207.0
2022-08-04 00:00:00,selection,ensemble_selected,1,0.7225684962633802,24.0,184.0
2022-08-04 00:00:00,selection,ensemble_selected,2,0.5434825704788774,24.0,186.0
2022-08-04 00:00:00,selection,ensemble_selected,3,0.6856165933549748,24.0,181.0
2022-08-04 00:00:00,selection,ensemble_selected,4,0.6991274804184648,24.0,138.0
2022-08-04 00:00:00,selection,ensemble_selected,5,0.5194523256694118,24.0,260.0
2022-08-04 00:00:00,selection,ensemble_selected,6,0.767173963208348,24.0,165.0
2022-08-04 00:00:00,selection,ensemble_selected,7,0.6216057097747794,24.0,146.0
2022-08-04 00:00:00,selection,ensemble_selected,8,0.6487045822108969,24.0,197.0
2022-08-04 00:00:00,selection,ensemble_selected,9,0.5692140464868544,24.0,184.0
2022-08-04 00:00:00,selection,ensemble_selected,10,0.5090410405321799,24.0,159.0
2022-08-04 00:00:00,selection,ensemble_selected,11,0.600806876173748,24.0,183.0
2022-08-04 00:00:00,selection,ensemble_selected,12,0.6234231851305555,24.0,192.0
2022-08-04 00:00:00,selection,ensemble_selected,13,0.6528760631745533,24.0,170.0
2022-08-04 00:00:00,selection,ensemble_selected,14,0.6548869886503716,24.0,186.0
2022-08-04 00:00:00,selection,ensemble_selected,15,0.6258265351872585,24.0,181.0
2022-08-04 00:00:00,selection,ensemble_selected,16,0.6243071813652178,24.0,167.0
2022-08-04 00:00:00,selection,ensemble_selected,17,0.6274119882073841,24.0,212.0
2022-08-04 00:00:00,selection,ensemble_selected,18,0.49640593540734995,24.0,225.0
2022-08-04 00:00:00,selection,ensemble_selected,19,0.7069078184322944,24.0,179.0
2022-08-04 00:00:00,selection,ensemble_selected,20,0.6375294047619363,24.0,181.0
2022-08-04 00:00:00,selection,ensemble_selected,21,0.7002412821620414,24.0,189.0
2022-08-04 00:00:00,selection,ensemble_selected,22,0.7026697421266265,24.0,200.0
2022-08-04 00:00:00,selection,ensemble_selected,23,0.603111953484467,24.0,190.0
2022-08-04 00:00:00,selection,ensemble_selected,24,0.6544262867284835,24.0,183.0
2022-08-04 00:00:00,selection,ensemble_selected,25,0.5883784624658525,24.0,204.0
2022-08-04 00:00:00,selection,ensemble_selected,26,0.630174021993498,24.0,205.0
2022-08-04 00:00:00,selection,ensemble_selected,27,0.6719593613997152,24.0,146.0
2022-08-04 00:00:00,selection,ensemble_selected,28,0.6602394453135486,24.0,207.0
2022-08-04 00:00:00,selection,etr,1,0.7143250745114098,24.0,184.0
2022-08-04 00:00:00,selection,etr,2,0.5410898186839045,24.0,186.0
2022-08-04 00:00:00,selection,etr,3,0.6841192971648773,24.0,181.0
2022-08-04 00:00:00,selection,etr,4,0.6974530698602256,24.0,138.0
2022-08-04 00:00:00,selection,etr,5,0.5121997423745366,24.0,260.0
2022-08-04 00:00:00,selection,etr,6,0.7660097435533041,24.0,165.0
2022-08-04 00:00:00,selection,etr,7,0.6377130863967339,24.0,146.0
2022-08-04 00:00:00,selection,etr,8,0.6530501299203713,24.0,197.0
2022-08-04 00:00:00,selection,etr,9,0.5729008246253976,24.0,184.0
2022-08-04 00:00:00,selection,etr,10,0.5151238184276709,24.0,159.0
2022-08-04 00:00:00,selection,etr,11,0.6025357169773151,24.0,183.0
2022-08-04 00:00:00,selection,etr,12,0.6123946206719179,24.0,192.0
2022-08-04 00:00:00,selection,etr,13,0.650624419280144,24.0,170.0
2022-08-04 00:00:00,selection,etr,14,0.6485843161095176,24.0,186.0
2022-08-04 00:00:00,selection,etr,15,0.6216412603791748,24.0,181.0
2022-08-04 00:00:00,selection,etr,16,0.6316361040208882,24.0,167.0
2022-08-04 00:00:00,selection,etr,17,0.6225363284451897,24.0,212.0
2022-08-04 00:00:00,selection,etr,18,0.511153908231686,24.0,225.0
2022-08-04 00:00:00,selection,etr,19,0.6953238556782552,24.0,179.0
2022-08-04 00:00:00,selection,etr,20,0.6505574101568576,24.0,181.0
2022-08-04 00:00:00,selection,etr,21,0.6915261873425137,24.0,189.0
2022-08-04 00:00:00,selection,etr,22,0.6897688957454584,24.0,200.0
2022-08-04 00:00:00,selection,etr,23,0.6058638667184251,24.0,190.0
2022-08-04 00:00:00,selection,etr,24,0.6509134819375841,24.0,183.0
2022-08-04 00:00:00,selection,etr,25,0.562200934108103,24.0,204.0
2022-08-04 00:00:00,selection,etr,26,0.6326565813767469,24.0,205.0
2022-08-04 00:00:00,selection,etr,27,0.6745084957691978,24.0,146.0
2022-08-04 00:00:00,selection,etr,28,0.6445583768530627,24.0,207.0
2022-08-04 00:00:00,selection,item_topdown,1,0.6882972898568639,24.0,184.0
2022-08-04 00:00:00,selection,item_topdown,2,0.547392105500041,24.0,186.0
2022-08-04 00:00:00,selection,item_topdown,3,0.6341003385953874,24.0,181.0
2022-08-04 00:00:00,selection,item_topdown,4,0.6759116005754983,24.0,138.0
2022-08-04 00:00:00,selection,item_topdown,5,0.5109655595826839,24.0,260.0
2022-08-04 00:00:00,selection,item_topdown,6,0.767851824585482,24.0,165.0
2022-08-04 00:00:00,selection,item_topdown,7,0.49038969833654483,24.0,146.0
2022-08-04 00:00:00,selection,item_topdown,8,0.6725226736358383,24.0,197.0
2022-08-04 00:00:00,selection,item_topdown,9,0.5739761951084518,24.0,184.0
2022-08-04 00:00:00,selection,item_topdown,10,0.4490658524491496,24.0,159.0
2022-08-04 00:00:00,selection,item_topdown,11,0.5269930030967104,24.0,183.0
2022-08-04 00:00:00,selection,item_topdown,12,0.5317434177712221,24.0,192.0
2022-08-04 00:00:00,selection,item_topdown,13,0.5730971118898365,24.0,170.0
2022-08-04 00:00:00,selection,item_topdown,14,0.6622063284782096,24.0,186.0
2022-08-04 00:00:00,selection,item_topdown,15,0.6522089857580698,24.0,181.0
2022-08-04 00:00:00,selection,item_topdown,16,0.5461378178491649,24.0,167.0
2022-08-04 00:00:00,selection,item_topdown,17,0.5549485853195754,24.0,212.0
2022-08-04 00:00:00,selection,item_topdown,18,0.4151306702189045,24.0,225.0
2022-08-04 00:00:00,selection,item_topdown,19,0.536910314178491,24.0,179.0
2022-08-04 00:00:00,selection,item_topdown,20,0.4547290967020403,24.0,181.0
2022-08-04 00:00:00,selection,item_topdown,21,0.6638382778928603,24.0,189.0
2022-08-04 00:00:00,selection,item_topdown,22,0.6524901979167328,24.0,200.0
2022-08-04 00:00:00,selection,item_topdown,23,0.5400683823311949,24.0,190.0
2022-08-04 00:00:00,selection,item_topdown,24,0.557641176141152,24.0,183.0
2022-08-04 00:00:00,selection,item_topdown,25,0.561227991548519,24.0,204.0
2022-08-04 00:00:00,selection,item_topdown,26,0.574186929210023,24.0,205.0
2022-08-04 00:00:00,selection,item_topdown,27,0.492948075213048,24.0,146.0
2022-08-04 00:00:00,selection,item_topdown,28,0.5909105278117806,24.0,207.0
2022-08-04 00:00:00,selection,lgbm,1,0.7490771570792198,24.0,184.0
2022-08-04 00:00:00,selection,lgbm,2,0.5530535776587683,24.0,186.0
2022-08-04 00:00:00,selection,lgbm,3,0.6895759740535468,24.0,181.0
2022-08-04 00:00:00,selection,lgbm,4,0.7041638353074507,24.0,138.0
2022-08-04 00:00:00,selection,lgbm,5,0.5384718163580716,24.0,260.0
2022-08-04 00:00:00,selection,lgbm,6,0.742532140529821,24.0,165.0
2022-08-04 00:00:00,selection,lgbm,7,0.5551350458109957,24.0,146.0
2022-08-04 00:00:00,selection,lgbm,8,0.6229405083422505,24.0,197.0
2022-08-04 00:00:00,selection,lgbm,9,0.5509004822684034,24.0,184.0
2022-08-04 00:00:00,selection,lgbm,10,0.48470992895021625,24.0,159.0
2022-08-04 00:00:00,selection,lgbm,11,0.5682543582424711,24.0,183.0
2022-08-04 00:00:00,selection,lgbm,12,0.6156042273243594,24.0,192.0
2022-08-04 00:00:00,selection,lgbm,13,0.6524102898392062,24.0,170.0
2022-08-04 00:00:00,selection,lgbm,14,0.6705810503122848,24.0,186.0
2022-08-04 00:00:00,selection,lgbm,15,0.642567634419593,24.0,181.0
2022-08-04 00:00:00,selection,lgbm,16,0.5949914907425367,24.0,167.0
2022-08-04 00:00:00,selection,lgbm,17,0.6439113530059966,24.0,212.0
2022-08-04 00:00:00,selection,lgbm,18,0.4374140441100062,24.0,225.0
2022-08-04 00:00:00,selection,lgbm,19,0.6777608282672872,24.0,179.0
2022-08-04 00:00:00,selection,lgbm,20,0.5722598329636568,24.0,181.0
2022-08-04 00:00:00,selection,lgbm,21,0.7219893787436433,24.0,189.0
2022-08-04 00:00:00,selection,lgbm,22,0.7220889335929139,24.0,200.0
2022-08-04 00:00:00,selection,lgbm,23,0.5753537978146608,24.0,190.0
2022-08-04 00:00:00,selection,lgbm,24,0.6487568770139114,24.0,183.0
2022-08-04 00:00:00,selection,lgbm,25,0.6874265161921647,24.0,204.0
2022-08-04 00:00:00,selection,lgbm,26,0.6161359364432468,24.0,205.0
2022-08-04 00:00:00,selection,lgbm,27,0.5524857891226689,24.0,146.0
2022-08-04 00:00:00,selection,lgbm,28,0.6732207169469759,24.0,207.0
2022-08-04 00:00:00,selection,wbaseline,1,0.643430613855427,24.0,184.0
2022-08-04 00:00:00,selection,wbaseline,2,0.5416224986808945,24.0,186.0
2022-08-04 00:00:00,selection,wbaseline,3,0.5867726842721481,24.0,181.0
2022-08-04 00:00:00,selection,wbaseline,4,0.6512371788243468,24.0,138.0
2022-08-04 00:00:00,selection,wbaseline,5,0.4925067225726318,24.0,260.0
2022-08-04 00:00:00,selection,wbaseline,6,0.7331705021392309,24.0,165.0
2022-08-04 00:00:00,selection,wbaseline,7,0.40790869403439844,24.0,146.0
2022-08-04 00:00:00,selection,wbaseline,8,0.6685377558145985,24.0,197.0
2022-08-04 00:00:00,selection,wbaseline,9,0.5555818055220609,24.0,184.0
2022-08-04 00:00:00,selection,wbaseline,10,0.45811041975588196,24.0,159.0
2022-08-04 00:00:00,selection,wbaseline,11,0.5354531251976362,24.0,183.0
2022-08-04 00:00:00,selection,wbaseline,12,0.5145214758173055,24.0,192.0
2022-08-04 00:00:00,selection,wbaseline,13,0.5362492151586127,24.0,170.0
2022-08-04 00:00:00,selection,wbaseline,14,0.5803412520186438,24.0,186.0
2022-08-04 00:00:00,selection,wbaseline,15,0.6238302224192869,24.0,181.0
2022-08-04 00:00:00,selection,wbaseline,16,0.48091931451472564,24.0,167.0
2022-08-04 00:00:00,selection,wbaseline,17,0.5386362171871748,24.0,212.0
2022-08-04 00:00:00,selection,wbaseline,18,0.3956059172002875,24.0,225.0
2022-08-04 00:00:00,selection,wbaseline,19,0.4863300134784443,24.0,179.0
2022-08-04 00:00:00,selection,wbaseline,20,0.3991964067472132,24.0,181.0
2022-08-04 00:00:00,selection,wbaseline,21,0.5781684479832452,24.0,189.0
2022-08-04 00:00:00,selection,wbaseline,22,0.6244570141884054,24.0,200.0
2022-08-04 00:00:00,selection,wbaseline,23,0.5594262479937915,24.0,190.0
2022-08-04 00:00:00,selection,wbaseline,24,0.5432346954010939,24.0,183.0
2022-08-04 00:00:00,selection,wbaseline,25,0.5727306170657445,24.0,204.0
2022-08-04 00:00:00,selection,wbaseline,26,0.5598704514693955,24.0,205.0
2022-08-04 00:00:00,selection,wbaseline,27,0.44999396280245646,24.0,146.0
2022-08-04 00:00:00,selection,wbaseline,28,0.542359962993522,24.0,207.0
2022-08-11 00:00:00,selection,ensemble_bucket_selected,1,0.6956192416356255,24.0,197.0
2022-08-11 00:00:00,selection,ensemble_bucket_selected,2,0.6044741975553285,24.0,184.0
2022-08-11 00:00:00,selection,ensemble_bucket_selected,3,0.469728478462102,24.0,159.0
2022-08-11 00:00:00,selection,ensemble_bucket_selected,4,0.5501179476315119,24.0,183.0
2022-08-11 00:00:00,selection,ensemble_bucket_selected,5,0.6783434345331152,24.0,192.0
2022-08-11 00:00:00,selection,ensemble_bucket_selected,6,0.6237859014008914,24.0,170.0
2022-08-11 00:00:00,selection,ensemble_bucket_selected,7,0.7227806524764576,24.0,186.0
2022-08-11 00:00:00,selection,ensemble_bucket_selected,8,0.7652480075159287,24.0,181.0
2022-08-11 00:00:00,selection,ensemble_bucket_selected,9,0.651502108226997,24.0,167.0
2022-08-11 00:00:00,selection,ensemble_bucket_selected,10,0.6488231211195256,24.0,212.0
2022-08-11 00:00:00,selection,ensemble_bucket_selected,11,0.542889937362476,24.0,225.0
2022-08-11 00:00:00,selection,ensemble_bucket_selected,12,0.717251850112656,24.0,179.0
2022-08-11 00:00:00,selection,ensemble_bucket_selected,13,0.5807602120455995,24.0,181.0
2022-08-11 00:00:00,selection,ensemble_bucket_selected,14,0.7101925690454718,24.0,189.0
2022-08-11 00:00:00,selection,ensemble_bucket_selected,15,0.7403753312714713,24.0,200.0
2022-08-11 00:00:00,selection,ensemble_bucket_selected,16,0.6428796185368234,24.0,190.0
2022-08-11 00:00:00,selection,ensemble_bucket_selected,17,0.6988225261161367,24.0,183.0
2022-08-11 00:00:00,selection,ensemble_bucket_selected,18,0.6213006973970704,24.0,204.0
2022-08-11 00:00:00,selection,ensemble_bucket_selected,19,0.7021577994068703,24.0,205.0
2022-08-11 00:00:00,selection,ensemble_bucket_selected,20,0.5694313081956132,24.0,146.0
2022-08-11 00:00:00,selection,ensemble_bucket_selected,21,0.6861058993278509,24.0,207.0
2022-08-11 00:00:00,selection,ensemble_bucket_selected,22,0.6213750351301974,24.0,203.0
2022-08-11 00:00:00,selection,ensemble_bucket_selected,23,0.502849523126887,24.0,144.0
2022-08-11 00:00:00,selection,ensemble_bucket_selected,24,0.6491364773075818,24.0,238.0
2022-08-11 00:00:00,selection,ensemble_bucket_selected,25,0.6799333522911439,24.0,190.0
2022-08-11 00:00:00,selection,ensemble_bucket_selected,26,0.7209383393103665,24.0,153.0
2022-08-11 00:00:00,selection,ensemble_bucket_selected,27,0.5534870665071095,24.0,217.0
2022-08-11 00:00:00,selection,ensemble_bucket_selected,28,0.6415348155215064,24.0,205.0
2022-08-11 00:00:00,selection,ensemble_selected,1,0.6935782057263722,24.0,197.0
2022-08-11 00:00:00,selection,ensemble_selected,2,0.5931281038310133,24.0,184.0
2022-08-11 00:00:00,selection,ensemble_selected,3,0.46950432921808444,24.0,159.0
2022-08-11 00:00:00,selection,ensemble_selected,4,0.5439458249314193,24.0,183.0
2022-08-11 00:00:00,selection,ensemble_selected,5,0.6855381097733125,24.0,192.0
2022-08-11 00:00:00,selection,ensemble_selected,6,0.6285955725347511,24.0,170.0
2022-08-11 00:00:00,selection,ensemble_selected,7,0.7185875873801645,24.0,186.0
2022-08-11 00:00:00,selection,ensemble_selected,8,0.771656989709897,24.0,181.0
2022-08-11 00:00:00,selection,ensemble_selected,9,0.6475603689386772,24.0,167.0
2022-08-11 00:00:00,selection,ensemble_selected,10,0.649249828570803,24.0,212.0
2022-08-11 00:00:00,selection,ensemble_selected,11,0.5398939994441774,24.0,225.0
2022-08-11 00:00:00,selection,ensemble_selected,12,0.7152382948288089,24.0,179.0
2022-08-11 00:00:00,selection,ensemble_selected,13,0.5746910504173355,24.0,181.0
2022-08-11 00:00:00,selection,ensemble_selected,14,0.7143872378963667,24.0,189.0
2022-08-11 00:00:00,selection,ensemble_selected,15,0.7172153676494889,24.0,200.0
2022-08-11 00:00:00,selection,ensemble_selected,16,0.6380959705089492,24.0,190.0
2022-08-11 00:00:00,selection,ensemble_selected,17,0.6976468676533353,24.0,183.0
2022-08-11 00:00:00,selection,ensemble_selected,18,0.6282327105929912,24.0,204.0
2022-08-11 00:00:00,selection,ensemble_selected,19,0.6920794502536474,24.0,205.0
2022-08-11 00:00:00,selection,ensemble_selected,20,0.5777963397213657,24.0,146.0
2022-08-11 00:00:00,selection,ensemble_selected,21,0.6869856038668385,24.0,207.0
2022-08-11 00:00:00,selection,ensemble_selected,22,0.6213750351301974,24.0,203.0
2022-08-11 00:00:00,selection,ensemble_selected,23,0.502849523126887,24.0,144.0
2022-08-11 00:00:00,selection,ensemble_selected,24,0.6491364773075818,24.0,238.0
2022-08-11 00:00:00,selection,ensemble_selected,25,0.6799333522911439,24.0,190.0
2022-08-11 00:00:00,selection,ensemble_selected,26,0.7209383393103665,24.0,153.0
2022-08-11 00:00:00,selection,ensemble_selected,27,0.5534870665071095,24.0,217.0
2022-08-11 00:00:00,selection,ensemble_selected,28,0.6415348155215064,24.0,205.0
2022-08-11 00:00:00,selection,etr,1,0.6919253579827364,24.0,197.0
2022-08-11 00:00:00,selection,etr,2,0.590146722176274,24.0,184.0
2022-08-11 00:00:00,selection,etr,3,0.47762997317439154,24.0,159.0
2022-08-11 00:00:00,selection,etr,4,0.5401741826656442,24.0,183.0
2022-08-11 00:00:00,selection,etr,5,0.6879287151650432,24.0,192.0
2022-08-11 00:00:00,selection,etr,6,0.6301660573903224,24.0,170.0
2022-08-11 00:00:00,selection,etr,7,0.7221111934891219,24.0,186.0
2022-08-11 00:00:00,selection,etr,8,0.7687177569007185,24.0,181.0
2022-08-11 00:00:00,selection,etr,9,0.6378693515934214,24.0,167.0
2022-08-11 00:00:00,selection,etr,10,0.6501032434733581,24.0,212.0
2022-08-11 00:00:00,selection,etr,11,0.533885041219069,24.0,225.0
2022-08-11 00:00:00,selection,etr,12,0.7112111842611144,24.0,179.0
2022-08-11 00:00:00,selection,etr,13,0.5625527271608074,24.0,181.0
2022-08-11 00:00:00,selection,etr,14,0.7214938203636948,24.0,189.0
2022-08-11 00:00:00,selection,etr,15,0.7281654579795205,24.0,200.0
2022-08-11 00:00:00,selection,etr,16,0.6489925261142367,24.0,190.0
2022-08-11 00:00:00,selection,etr,17,0.6960149261788607,24.0,183.0
2022-08-11 00:00:00,selection,etr,18,0.6226526344479777,24.0,204.0
2022-08-11 00:00:00,selection,etr,19,0.6868493813097472,24.0,205.0
2022-08-11 00:00:00,selection,etr,20,0.5673584404085261,24.0,146.0
2022-08-11 00:00:00,selection,etr,21,0.6790411858225869,24.0,207.0
2022-08-11 00:00:00,selection,etr,22,0.6252701723791626,24.0,203.0
2022-08-11 00:00:00,selection,etr,23,0.4987956987392754,24.0,144.0
2022-08-11 00:00:00,selection,etr,24,0.6706728051693539,24.0,238.0
2022-08-11 00:00:00,selection,etr,25,0.6893451378665199,24.0,190.0
2022-08-11 00:00:00,selection,etr,26,0.733872379133817,24.0,153.0
2022-08-11 00:00:00,selection,etr,27,0.5564815820806605,24.0,217.0
2022-08-11 00:00:00,selection,etr,28,0.630255556491837,24.0,205.0
2022-08-11 00:00:00,selection,item_topdown,1,0.709606284054016,24.0,197.0
2022-08-11 00:00:00,selection,item_topdown,2,0.6378344124406133,24.0,184.0
2022-08-11 00:00:00,selection,item_topdown,3,0.4076192308422804,24.0,159.0
2022-08-11 00:00:00,selection,item_topdown,4,0.5107330186864246,24.0,183.0
2022-08-11 00:00:00,selection,item_topdown,5,0.5917903788494331,24.0,192.0
2022-08-11 00:00:00,selection,item_topdown,6,0.5385917187103979,24.0,170.0
2022-08-11 00:00:00,selection,item_topdown,7,0.7160478892490674,24.0,186.0
2022-08-11 00:00:00,selection,item_topdown,8,0.7024572601546981,24.0,181.0
2022-08-11 00:00:00,selection,item_topdown,9,0.5175746347387505,24.0,167.0
2022-08-11 00:00:00,selection,item_topdown,10,0.5574621716852581,24.0,212.0
2022-08-11 00:00:00,selection,item_topdown,11,0.48429030169928544,24.0,225.0
2022-08-11 00:00:00,selection,item_topdown,12,0.5197653799597695,24.0,179.0
2022-08-11 00:00:00,selection,item_topdown,13,0.4026435282043159,24.0,181.0
2022-08-11 00:00:00,selection,item_topdown,14,0.686728384459373,24.0,189.0
2022-08-11 00:00:00,selection,item_topdown,15,0.624433071877786,24.0,200.0
2022-08-11 00:00:00,selection,item_topdown,16,0.5476077956277076,24.0,190.0
2022-08-11 00:00:00,selection,item_topdown,17,0.6142086912893977,24.0,183.0
2022-08-11 00:00:00,selection,item_topdown,18,0.6040813666919569,24.0,204.0
2022-08-11 00:00:00,selection,item_topdown,19,0.746906820369625,24.0,205.0
2022-08-11 00:00:00,selection,item_topdown,20,0.49404757237206626,24.0,146.0
2022-08-11 00:00:00,selection,item_topdown,21,0.639544055951846,24.0,207.0
2022-08-11 00:00:00,selection,item_topdown,22,0.6839309882878208,24.0,203.0
2022-08-11 00:00:00,selection,item_topdown,23,0.35769777139619374,24.0,144.0
2022-08-11 00:00:00,selection,item_topdown,24,0.5969996787723861,24.0,238.0
2022-08-11 00:00:00,selection,item_topdown,25,0.5527919847257207,24.0,190.0
2022-08-11 00:00:00,selection,item_topdown,26,0.41098156814864223,24.0,153.0
2022-08-11 00:00:00,selection,item_topdown,27,0.5948559498626073,24.0,217.0
2022-08-11 00:00:00,selection,item_topdown,28,0.5506937480742126,24.0,205.0
2022-08-11 00:00:00,selection,lgbm,1,0.677232252715932,24.0,197.0
2022-08-11 00:00:00,selection,lgbm,2,0.5923535103742436,24.0,184.0
2022-08-11 00:00:00,selection,lgbm,3,0.4355121319032353,24.0,159.0
2022-08-11 00:00:00,selection,lgbm,4,0.5517273454914458,24.0,183.0
2022-08-11 00:00:00,selection,lgbm,5,0.6759756882063899,24.0,192.0
2022-08-11 00:00:00,selection,lgbm,6,0.6092235347403591,24.0,170.0
2022-08-11 00:00:00,selection,lgbm,7,0.6922722121274245,24.0,186.0
2022-08-11 00:00:00,selection,lgbm,8,0.7203851321581529,24.0,181.0
2022-08-11 00:00:00,selection,lgbm,9,0.6646639384038944,24.0,167.0
2022-08-11 00:00:00,selection,lgbm,10,0.6404357541656076,24.0,212.0
2022-08-11 00:00:00,selection,lgbm,11,0.5623751683940926,24.0,225.0
2022-08-11 00:00:00,selection,lgbm,12,0.7313467370995862,24.0,179.0
2022-08-11 00:00:00,selection,lgbm,13,0.6033135244688074,24.0,181.0
2022-08-11 00:00:00,selection,lgbm,14,0.6742644650222114,24.0,189.0
2022-08-11 00:00:00,selection,lgbm,15,0.6647157550002235,24.0,200.0
2022-08-11 00:00:00,selection,lgbm,16,0.5945097480877994,24.0,190.0
2022-08-11 00:00:00,selection,lgbm,17,0.6776702597347276,24.0,183.0
2022-08-11 00:00:00,selection,lgbm,18,0.6505530151730454,24.0,204.0
2022-08-11 00:00:00,selection,lgbm,19,0.676592222293159,24.0,205.0
2022-08-11 00:00:00,selection,lgbm,20,0.6171574437829402,24.0,146.0
2022-08-11 00:00:00,selection,lgbm,21,0.6904499263642634,24.0,207.0
2022-08-11 00:00:00,selection,lgbm,22,0.6003059784058267,24.0,203.0
2022-08-11 00:00:00,selection,lgbm,23,0.49459118175617384,24.0,144.0
2022-08-11 00:00:00,selection,lgbm,24,0.5629911658604944,24.0,238.0
2022-08-11 00:00:00,selection,lgbm,25,0.6353346174428228,24.0,190.0
2022-08-11 00:00:00,selection,lgbm,26,0.6611285868372948,24.0,153.0
2022-08-11 00:00:00,selection,lgbm,27,0.5404298863401953,24.0,217.0
2022-08-11 00:00:00,selection,lgbm,28,0.6411145954234568,24.0,205.0
2022-08-11 00:00:00,selection,wbaseline,1,0.6690126164720414,24.0,197.0
2022-08-11 00:00:00,selection,wbaseline,2,0.606428965200265,24.0,184.0
2022-08-11 00:00:00,selection,wbaseline,3,0.4210249047060104,24.0,159.0
2022-08-11 00:00:00,selection,wbaseline,4,0.5166071866561126,24.0,183.0
2022-08-11 00:00:00,selection,wbaseline,5,0.5506579940122208,24.0,192.0
2022-08-11 00:00:00,selection,wbaseline,6,0.4815859390491627,24.0,170.0
2022-08-11 00:00:00,selection,wbaseline,7,0.707558026316371,24.0,186.0
2022-08-11 00:00:00,selection,wbaseline,8,0.6878331442409984,24.0,181.0
2022-08-11 00:00:00,selection,wbaseline,9,0.47203108683236605,24.0,167.0
2022-08-11 00:00:00,selection,wbaseline,10,0.5479364583977089,24.0,212.0
2022-08-11 00:00:00,selection,wbaseline,11,0.4511873779632381,24.0,225.0
2022-08-11 00:00:00,selection,wbaseline,12,0.463176870704088,24.0,179.0
2022-08-11 00:00:00,selection,wbaseline,13,0.34598308879947426,24.0,181.0
2022-08-11 00:00:00,selection,wbaseline,14,0.5511833210812068,24.0,189.0
2022-08-11 00:00:00,selection,wbaseline,15,0.5657051524033513,24.0,200.0
2022-08-11 00:00:00,selection,wbaseline,16,0.4929868303081559,24.0,190.0
2022-08-11 00:00:00,selection,wbaseline,17,0.6132252509938777,24.0,183.0
2022-08-11 00:00:00,selection,wbaseline,18,0.575723527492348,24.0,204.0
2022-08-11 00:00:00,selection,wbaseline,19,0.7186507016755436,24.0,205.0
2022-08-11 00:00:00,selection,wbaseline,20,0.46668079787643946,24.0,146.0
2022-08-11 00:00:00,selection,wbaseline,21,0.6173311400722152,24.0,207.0
2022-08-11 00:00:00,selection,wbaseline,22,0.709493832807189,24.0,203.0
2022-08-11 00:00:00,selection,wbaseline,23,0.3111519570101833,24.0,144.0
2022-08-11 00:00:00,selection,wbaseline,24,0.6159952184280219,24.0,238.0
2022-08-11 00:00:00,selection,wbaseline,25,0.522404781236505,24.0,190.0
2022-08-11 00:00:00,selection,wbaseline,26,0.37220109007779395,24.0,153.0
2022-08-11 00:00:00,selection,wbaseline,27,0.6056247813690112,24.0,217.0
2022-08-11 00:00:00,selection,wbaseline,28,0.5391634025774816,24.0,205.0
2022-08-18 00:00:00,holdout,ensemble_bucket_selected,1,0.7274831531875061,24.0,181.0
2022-08-18 00:00:00,holdout,ensemble_bucket_selected,2,0.690286747100776,24.0,167.0
2022-08-18 00:00:00,holdout,ensemble_bucket_selected,3,0.6696017420929915,24.0,212.0
2022-08-18 00:00:00,holdout,ensemble_bucket_selected,4,0.5746037027519801,24.0,225.0
2022-08-18 00:00:00,holdout,ensemble_bucket_selected,5,0.6969857345333201,24.0,179.0
2022-08-18 00:00:00,holdout,ensemble_bucket_selected,6,0.5654377421658936,24.0,181.0
2022-08-18 00:00:00,holdout,ensemble_bucket_selected,7,0.7237918739587476,24.0,189.0
2022-08-18 00:00:00,holdout,ensemble_bucket_selected,8,0.7597652480927505,24.0,200.0
2022-08-18 00:00:00,holdout,ensemble_bucket_selected,9,0.6085460998845565,24.0,190.0
2022-08-18 00:00:00,holdout,ensemble_bucket_selected,10,0.7452008080674352,24.0,183.0
2022-08-18 00:00:00,holdout,ensemble_bucket_selected,11,0.5870247237191728,24.0,204.0
2022-08-18 00:00:00,holdout,ensemble_bucket_selected,12,0.7054415016119613,24.0,205.0
2022-08-18 00:00:00,holdout,ensemble_bucket_selected,13,0.619656449815106,24.0,146.0
2022-08-18 00:00:00,holdout,ensemble_bucket_selected,14,0.7137077735993951,24.0,207.0
2022-08-18 00:00:00,holdout,ensemble_bucket_selected,15,0.6367835412313168,24.0,203.0
2022-08-18 00:00:00,holdout,ensemble_bucket_selected,16,0.5842976783219327,24.0,144.0
2022-08-18 00:00:00,holdout,ensemble_bucket_selected,17,0.6543672139731047,24.0,238.0
2022-08-18 00:00:00,holdout,ensemble_bucket_selected,18,0.6208816816706239,24.0,190.0
2022-08-18 00:00:00,holdout,ensemble_bucket_selected,19,0.6977454651106554,24.0,153.0
2022-08-18 00:00:00,holdout,ensemble_bucket_selected,20,0.5682220741088249,24.0,217.0
2022-08-18 00:00:00,holdout,ensemble_bucket_selected,21,0.6740504247669058,24.0,205.0
2022-08-18 00:00:00,holdout,ensemble_bucket_selected,22,0.6565829743344218,24.0,197.0
2022-08-18 00:00:00,holdout,ensemble_bucket_selected,23,0.5235537697255243,24.0,147.0
2022-08-18 00:00:00,holdout,ensemble_bucket_selected,24,0.7149144984594829,24.0,175.0
2022-08-18 00:00:00,holdout,ensemble_bucket_selected,25,0.7018182767180985,24.0,167.0
2022-08-18 00:00:00,holdout,ensemble_bucket_selected,26,0.7033504331804031,24.0,213.0
2022-08-18 00:00:00,holdout,ensemble_bucket_selected,27,0.5568809979935319,24.0,167.0
2022-08-18 00:00:00,holdout,ensemble_bucket_selected,28,0.6207083015516249,24.0,220.0
2022-08-18 00:00:00,holdout,ensemble_selected,1,0.7279591192753561,24.0,181.0
2022-08-18 00:00:00,holdout,ensemble_selected,2,0.6892014007498963,24.0,167.0
2022-08-18 00:00:00,holdout,ensemble_selected,3,0.6747875085176229,24.0,212.0
2022-08-18 00:00:00,holdout,ensemble_selected,4,0.5761561222069735,24.0,225.0
2022-08-18 00:00:00,holdout,ensemble_selected,5,0.7025019218741214,24.0,179.0
2022-08-18 00:00:00,holdout,ensemble_selected,6,0.5693459463053294,24.0,181.0
2022-08-18 00:00:00,holdout,ensemble_selected,7,0.7201624372715548,24.0,189.0
2022-08-18 00:00:00,holdout,ensemble_selected,8,0.7565180283379759,24.0,200.0
2022-08-18 00:00:00,holdout,ensemble_selected,9,0.6101823171338322,24.0,190.0
2022-08-18 00:00:00,holdout,ensemble_selected,10,0.7477450243189702,24.0,183.0
2022-08-18 00:00:00,holdout,ensemble_selected,11,0.5862623817818226,24.0,204.0
2022-08-18 00:00:00,holdout,ensemble_selected,12,0.7070061247120264,24.0,205.0
2022-08-18 00:00:00,holdout,ensemble_selected,13,0.6193822159506008,24.0,146.0
2022-08-18 00:00:00,holdout,ensemble_selected,14,0.7147477160401651,24.0,207.0
2022-08-18 00:00:00,holdout,ensemble_selected,15,0.6338347665921248,24.0,203.0
2022-08-18 00:00:00,holdout,ensemble_selected,16,0.5851898792435839,24.0,144.0
2022-08-18 00:00:00,holdout,ensemble_selected,17,0.6472106742821055,24.0,238.0
2022-08-18 00:00:00,holdout,ensemble_selected,18,0.604386239754764,24.0,190.0
2022-08-18 00:00:00,holdout,ensemble_selected,19,0.6975035042013359,24.0,153.0
2022-08-18 00:00:00,holdout,ensemble_selected,20,0.5561772093116524,24.0,217.0
2022-08-18 00:00:00,holdout,ensemble_selected,21,0.6690486488012775,24.0,205.0
2022-08-18 00:00:00,holdout,ensemble_selected,22,0.6565829743344218,24.0,197.0
2022-08-18 00:00:00,holdout,ensemble_selected,23,0.5235537697255243,24.0,147.0
2022-08-18 00:00:00,holdout,ensemble_selected,24,0.7149144984594829,24.0,175.0
2022-08-18 00:00:00,holdout,ensemble_selected,25,0.7018182767180985,24.0,167.0
2022-08-18 00:00:00,holdout,ensemble_selected,26,0.7033504331804031,24.0,213.0
2022-08-18 00:00:00,holdout,ensemble_selected,27,0.5568809979935319,24.0,167.0
2022-08-18 00:00:00,holdout,ensemble_selected,28,0.6207083015516249,24.0,220.0
2022-08-18 00:00:00,holdout,etr,1,0.7302295666675107,24.0,181.0
2022-08-18 00:00:00,holdout,etr,2,0.6795271733838351,24.0,167.0
2022-08-18 00:00:00,holdout,etr,3,0.680173413239451,24.0,212.0
2022-08-18 00:00:00,holdout,etr,4,0.5756889694667472,24.0,225.0
2022-08-18 00:00:00,holdout,etr,5,0.7143619562596519,24.0,179.0
2022-08-18 00:00:00,holdout,etr,6,0.5689142973209665,24.0,181.0
2022-08-18 00:00:00,holdout,etr,7,0.7195097781319909,24.0,189.0
2022-08-18 00:00:00,holdout,etr,8,0.7465464002432753,24.0,200.0
2022-08-18 00:00:00,holdout,etr,9,0.6134547516323834,24.0,190.0
2022-08-18 00:00:00,holdout,etr,10,0.7510548984041374,24.0,183.0
2022-08-18 00:00:00,holdout,etr,11,0.584737697907122,24.0,204.0
2022-08-18 00:00:00,holdout,etr,12,0.7101353709121566,24.0,205.0
2022-08-18 00:00:00,holdout,etr,13,0.6188337482215905,24.0,146.0
2022-08-18 00:00:00,holdout,etr,14,0.7167860453932744,24.0,207.0
2022-08-18 00:00:00,holdout,etr,15,0.6398000066549945,24.0,203.0
2022-08-18 00:00:00,holdout,etr,16,0.5748294140342131,24.0,144.0
2022-08-18 00:00:00,holdout,etr,17,0.6564136308313978,24.0,238.0
2022-08-18 00:00:00,holdout,etr,18,0.6201332060361665,24.0,190.0
2022-08-18 00:00:00,holdout,etr,19,0.713638885008808,24.0,153.0
2022-08-18 00:00:00,holdout,etr,20,0.559047060370505,24.0,217.0
2022-08-18 00:00:00,holdout,etr,21,0.6700319167056973,24.0,205.0
2022-08-18 00:00:00,holdout,etr,22,0.6602556740707124,24.0,197.0
2022-08-18 00:00:00,holdout,etr,23,0.5197362392898108,24.0,147.0
2022-08-18 00:00:00,holdout,etr,24,0.711942237458309,24.0,175.0
2022-08-18 00:00:00,holdout,etr,25,0.7094584190205446,24.0,167.0
2022-08-18 00:00:00,holdout,etr,26,0.682026532739561,24.0,213.0
2022-08-18 00:00:00,holdout,etr,27,0.5903193667372453,24.0,167.0
2022-08-18 00:00:00,holdout,etr,28,0.6064508579068238,24.0,220.0
2022-08-18 00:00:00,holdout,item_topdown,1,0.7122769185262078,24.0,181.0
2022-08-18 00:00:00,holdout,item_topdown,2,0.653112025129286,24.0,167.0
2022-08-18 00:00:00,holdout,item_topdown,3,0.6176043340365515,24.0,212.0
2022-08-18 00:00:00,holdout,item_topdown,4,0.5140274860012366,24.0,225.0
2022-08-18 00:00:00,holdout,item_topdown,5,0.6392166395174286,24.0,179.0
2022-08-18 00:00:00,holdout,item_topdown,6,0.507006160592693,24.0,181.0
2022-08-18 00:00:00,holdout,item_topdown,7,0.6875923155326159,24.0,189.0
2022-08-18 00:00:00,holdout,item_topdown,8,0.761828631757692,24.0,200.0
2022-08-18 00:00:00,holdout,item_topdown,9,0.5811038475632959,24.0,190.0
2022-08-18 00:00:00,holdout,item_topdown,10,0.6874429557578958,24.0,183.0
2022-08-18 00:00:00,holdout,item_topdown,11,0.5562035461853153,24.0,204.0
2022-08-18 00:00:00,holdout,item_topdown,12,0.7443044325929897,24.0,205.0
2022-08-18 00:00:00,holdout,item_topdown,13,0.6113851962982085,24.0,146.0
2022-08-18 00:00:00,holdout,item_topdown,14,0.6782457037550972,24.0,207.0
2022-08-18 00:00:00,holdout,item_topdown,15,0.6423646550063308,24.0,203.0
2022-08-18 00:00:00,holdout,item_topdown,16,0.5430661126181323,24.0,144.0
2022-08-18 00:00:00,holdout,item_topdown,17,0.6082716274719202,24.0,238.0
2022-08-18 00:00:00,holdout,item_topdown,18,0.6273558508300658,24.0,190.0
2022-08-18 00:00:00,holdout,item_topdown,19,0.564115769282511,24.0,153.0
2022-08-18 00:00:00,holdout,item_topdown,20,0.5752278576913452,24.0,217.0
2022-08-18 00:00:00,holdout,item_topdown,21,0.6596634187267437,24.0,205.0
2022-08-18 00:00:00,holdout,item_topdown,22,0.5862244961997374,24.0,197.0
2022-08-18 00:00:00,holdout,item_topdown,23,0.4752022089082737,24.0,147.0
2022-08-18 00:00:00,holdout,item_topdown,24,0.7221837341979865,24.0,175.0
2022-08-18 00:00:00,holdout,item_topdown,25,0.6951483590206661,24.0,167.0
2022-08-18 00:00:00,holdout,item_topdown,26,0.531161796641497,24.0,213.0
2022-08-18 00:00:00,holdout,item_topdown,27,0.5668838777576248,24.0,167.0
2022-08-18 00:00:00,holdout,item_topdown,28,0.5081064536128072,24.0,220.0
2022-08-18 00:00:00,holdout,lgbm,1,0.7188773297067367,24.0,181.0
2022-08-18 00:00:00,holdout,lgbm,2,0.7135006159252786,24.0,167.0
2022-08-18 00:00:00,holdout,lgbm,3,0.6526836940621823,24.0,212.0
2022-08-18 00:00:00,holdout,lgbm,4,0.5677559500990962,24.0,225.0
2022-08-18 00:00:00,holdout,lgbm,5,0.6309857736798302,24.0,179.0
2022-08-18 00:00:00,holdout,lgbm,6,0.5478793590028167,24.0,181.0
2022-08-18 00:00:00,holdout,lgbm,7,0.7182957566120862,24.0,189.0
2022-08-18 00:00:00,holdout,lgbm,8,0.7462955973250991,24.0,200.0
2022-08-18 00:00:00,holdout,lgbm,9,0.5970925791396278,24.0,190.0
2022-08-18 00:00:00,holdout,lgbm,10,0.7273912943066907,24.0,183.0
2022-08-18 00:00:00,holdout,lgbm,11,0.5923611172806247,24.0,204.0
2022-08-18 00:00:00,holdout,lgbm,12,0.6940265820876429,24.0,205.0
2022-08-18 00:00:00,holdout,lgbm,13,0.6215760868666412,24.0,146.0
2022-08-18 00:00:00,holdout,lgbm,14,0.7008253444868292,24.0,207.0
2022-08-18 00:00:00,holdout,lgbm,15,0.6052439254446134,24.0,203.0
2022-08-18 00:00:00,holdout,lgbm,16,0.6077323677239161,24.0,144.0
2022-08-18 00:00:00,holdout,lgbm,17,0.6055072330326529,24.0,238.0
2022-08-18 00:00:00,holdout,lgbm,18,0.5370848867221918,24.0,190.0
2022-08-18 00:00:00,holdout,lgbm,19,0.5971094745123212,24.0,153.0
2022-08-18 00:00:00,holdout,lgbm,20,0.5436125347319662,24.0,217.0
2022-08-18 00:00:00,holdout,lgbm,21,0.614095350887355,24.0,205.0
2022-08-18 00:00:00,holdout,lgbm,22,0.6085594210338898,24.0,197.0
2022-08-18 00:00:00,holdout,lgbm,23,0.5076694002952071,24.0,147.0
2022-08-18 00:00:00,holdout,lgbm,24,0.7242815680896572,24.0,175.0
2022-08-18 00:00:00,holdout,lgbm,25,0.5442640380039357,24.0,167.0
2022-08-18 00:00:00,holdout,lgbm,26,0.7174365127936612,24.0,213.0
2022-08-18 00:00:00,holdout,lgbm,27,0.3848216839811235,24.0,167.0
2022-08-18 00:00:00,holdout,lgbm,28,0.649919601620133,24.0,220.0
2022-08-18 00:00:00,holdout,wbaseline,1,0.657932666162967,24.0,181.0
2022-08-18 00:00:00,holdout,wbaseline,2,0.6451378152354056,24.0,167.0
2022-08-18 00:00:00,holdout,wbaseline,3,0.6082708906899621,24.0,212.0
2022-08-18 00:00:00,holdout,wbaseline,4,0.45539820416875115,24.0,225.0
2022-08-18 00:00:00,holdout,wbaseline,5,0.605890602508722,24.0,179.0
2022-08-18 00:00:00,holdout,wbaseline,6,0.489309497842116,24.0,181.0
2022-08-18 00:00:00,holdout,wbaseline,7,0.6097261114528638,24.0,189.0
2022-08-18 00:00:00,holdout,wbaseline,8,0.7341429314446479,24.0,200.0
2022-08-18 00:00:00,holdout,wbaseline,9,0.5916244607764385,24.0,190.0
2022-08-18 00:00:00,holdout,wbaseline,10,0.693169655810984,24.0,183.0
2022-08-18 00:00:00,holdout,wbaseline,11,0.5220052125396538,24.0,204.0
2022-08-18 00:00:00,holdout,wbaseline,12,0.7109087973075716,24.0,205.0
2022-08-18 00:00:00,holdout,wbaseline,13,0.5639529275088272,24.0,146.0
2022-08-18 00:00:00,holdout,wbaseline,14,0.6382310605966162,24.0,207.0
2022-08-18 00:00:00,holdout,wbaseline,15,0.6240585312542811,24.0,203.0
2022-08-18 00:00:00,holdout,wbaseline,16,0.5288388888607719,24.0,144.0
2022-08-18 00:00:00,holdout,wbaseline,17,0.5620726518835237,24.0,238.0
2022-08-18 00:00:00,holdout,wbaseline,18,0.5869259721507365,24.0,190.0
2022-08-18 00:00:00,holdout,wbaseline,19,0.5294537543766469,24.0,153.0
2022-08-18 00:00:00,holdout,wbaseline,20,0.6280903201850895,24.0,217.0
2022-08-18 00:00:00,holdout,wbaseline,21,0.6383927221306369,24.0,205.0
2022-08-18 00:00:00,holdout,wbaseline,22,0.566385247453587,24.0,197.0
2022-08-18 00:00:00,holdout,wbaseline,23,0.42689728596252724,24.0,147.0
2022-08-18 00:00:00,holdout,wbaseline,24,0.6711485571485855,24.0,175.0
2022-08-18 00:00:00,holdout,wbaseline,25,0.6453450226709464,24.0,167.0
2022-08-18 00:00:00,holdout,wbaseline,26,0.5235614975820416,24.0,213.0
2022-08-18 00:00:00,holdout,wbaseline,27,0.5552980614726556,24.0,167.0
2022-08-18 00:00:00,holdout,wbaseline,28,0.4802579779804779,24.0,220.0
ALL_HOLDOUT,holdout,ensemble_bucket_selected,1,0.7274831531875061,24.0,181.0
ALL_HOLDOUT,holdout,ensemble_bucket_selected,2,0.690286747100776,24.0,167.0
ALL_HOLDOUT,holdout,ensemble_bucket_selected,3,0.6696017420929915,24.0,212.0
ALL_HOLDOUT,holdout,ensemble_bucket_selected,4,0.5746037027519801,24.0,225.0
ALL_HOLDOUT,holdout,ensemble_bucket_selected,5,0.6969857345333201,24.0,179.0
ALL_HOLDOUT,holdout,ensemble_bucket_selected,6,0.5654377421658936,24.0,181.0
ALL_HOLDOUT,holdout,ensemble_bucket_selected,7,0.7237918739587476,24.0,189.0
ALL_HOLDOUT,holdout,ensemble_bucket_selected,8,0.7597652480927505,24.0,200.0
ALL_HOLDOUT,holdout,ensemble_bucket_selected,9,0.6085460998845565,24.0,190.0
ALL_HOLDOUT,holdout,ensemble_bucket_selected,10,0.7452008080674352,24.0,183.0
ALL_HOLDOUT,holdout,ensemble_bucket_selected,11,0.5870247237191728,24.0,204.0
ALL_HOLDOUT,holdout,ensemble_bucket_selected,12,0.7054415016119613,24.0,205.0
ALL_HOLDOUT,holdout,ensemble_bucket_selected,13,0.619656449815106,24.0,146.0
ALL_HOLDOUT,holdout,ensemble_bucket_selected,14,0.7137077735993951,24.0,207.0
ALL_HOLDOUT,holdout,ensemble_bucket_selected,15,0.6367835412313168,24.0,203.0
ALL_HOLDOUT,holdout,ensemble_bucket_selected,16,0.5842976783219327,24.0,144.0
ALL_HOLDOUT,holdout,ensemble_bucket_selected,17,0.6543672139731047,24.0,238.0
ALL_HOLDOUT,holdout,ensemble_bucket_selected,18,0.6208816816706239,24.0,190.0
ALL_HOLDOUT,holdout,ensemble_bucket_selected,19,0.6977454651106554,24.0,153.0
ALL_HOLDOUT,holdout,ensemble_bucket_selected,20,0.5682220741088249,24.0,217.0
ALL_HOLDOUT,holdout,ensemble_bucket_selected,21,0.6740504247669058,24.0,205.0
ALL_HOLDOUT,holdout,ensemble_bucket_selected,22,0.6565829743344218,24.0,197.0
ALL_HOLDOUT,holdout,ensemble_bucket_selected,23,0.5235537697255243,24.0,147.0
ALL_HOLDOUT,holdout,ensemble_bucket_selected,24,0.7149144984594829,24.0,175.0
ALL_HOLDOUT,holdout,ensemble_bucket_selected,25,0.7018182767180985,24.0,167.0
ALL_HOLDOUT,holdout,ensemble_bucket_selected,26,0.7033504331804031,24.0,213.0
ALL_HOLDOUT,holdout,ensemble_bucket_selected,27,0.5568809979935319,24.0,167.0
ALL_HOLDOUT,holdout,ensemble_bucket_selected,28,0.6207083015516249,24.0,220.0
ALL_HOLDOUT,holdout,ensemble_selected,1,0.7279591192753561,24.0,181.0
ALL_HOLDOUT,holdout,ensemble_selected,2,0.6892014007498963,24.0,167.0
ALL_HOLDOUT,holdout,ensemble_selected,3,0.6747875085176229,24.0,212.0
ALL_HOLDOUT,holdout,ensemble_selected,4,0.5761561222069735,24.0,225.0
ALL_HOLDOUT,holdout,ensemble_selected,5,0.7025019218741214,24.0,179.0
ALL_HOLDOUT,holdout,ensemble_selected,6,0.5693459463053294,24.0,181.0
ALL_HOLDOUT,holdout,ensemble_selected,7,0.7201624372715548,24.0,189.0
ALL_HOLDOUT,holdout,ensemble_selected,8,0.7565180283379759,24.0,200.0
ALL_HOLDOUT,holdout,ensemble_selected,9,0.6101823171338322,24.0,190.0
ALL_HOLDOUT,holdout,ensemble_selected,10,0.7477450243189702,24.0,183.0
ALL_HOLDOUT,holdout,ensemble_selected,11,0.5862623817818226,24.0,204.0
ALL_HOLDOUT,holdout,ensemble_selected,12,0.7070061247120264,24.0,205.0
ALL_HOLDOUT,holdout,ensemble_selected,13,0.6193822159506008,24.0,146.0
ALL_HOLDOUT,holdout,ensemble_selected,14,0.7147477160401651,24.0,207.0
ALL_HOLDOUT,holdout,ensemble_selected,15,0.6338347665921248,24.0,203.0
ALL_HOLDOUT,holdout,ensemble_selected,16,0.5851898792435839,24.0,144.0
ALL_HOLDOUT,holdout,ensemble_selected,17,0.6472106742821055,24.0,238.0
ALL_HOLDOUT,holdout,ensemble_selected,18,0.604386239754764,24.0,190.0
ALL_HOLDOUT,holdout,ensemble_selected,19,0.6975035042013359,24.0,153.0
ALL_HOLDOUT,holdout,ensemble_selected,20,0.5561772093116524,24.0,217.0
ALL_HOLDOUT,holdout,ensemble_selected,21,0.6690486488012775,24.0,205.0
ALL_HOLDOUT,holdout,ensemble_selected,22,0.6565829743344218,24.0,197.0
ALL_HOLDOUT,holdout,ensemble_selected,23,0.5235537697255243,24.0,147.0
ALL_HOLDOUT,holdout,ensemble_selected,24,0.7149144984594829,24.0,175.0
ALL_HOLDOUT,holdout,ensemble_selected,25,0.7018182767180985,24.0,167.0
ALL_HOLDOUT,holdout,ensemble_selected,26,0.7033504331804031,24.0,213.0
ALL_HOLDOUT,holdout,ensemble_selected,27,0.5568809979935319,24.0,167.0
ALL_HOLDOUT,holdout,ensemble_selected,28,0.6207083015516249,24.0,220.0
ALL_HOLDOUT,holdout,etr,1,0.7302295666675107,24.0,181.0
ALL_HOLDOUT,holdout,etr,2,0.6795271733838351,24.0,167.0
ALL_HOLDOUT,holdout,etr,3,0.680173413239451,24.0,212.0
ALL_HOLDOUT,holdout,etr,4,0.5756889694667472,24.0,225.0
ALL_HOLDOUT,holdout,etr,5,0.7143619562596519,24.0,179.0
ALL_HOLDOUT,holdout,etr,6,0.5689142973209665,24.0,181.0
ALL_HOLDOUT,holdout,etr,7,0.7195097781319909,24.0,189.0
ALL_HOLDOUT,holdout,etr,8,0.7465464002432753,24.0,200.0
ALL_HOLDOUT,holdout,etr,9,0.6134547516323834,24.0,190.0
ALL_HOLDOUT,holdout,etr,10,0.7510548984041374,24.0,183.0
ALL_HOLDOUT,holdout,etr,11,0.584737697907122,24.0,204.0
ALL_HOLDOUT,holdout,etr,12,0.7101353709121566,24.0,205.0
ALL_HOLDOUT,holdout,etr,13,0.6188337482215905,24.0,146.0
ALL_HOLDOUT,holdout,etr,14,0.7167860453932744,24.0,207.0
ALL_HOLDOUT,holdout,etr,15,0.6398000066549945,24.0,203.0
ALL_HOLDOUT,holdout,etr,16,0.5748294140342131,24.0,144.0
ALL_HOLDOUT,holdout,etr,17,0.6564136308313978,24.0,238.0
ALL_HOLDOUT,holdout,etr,18,0.6201332060361665,24.0,190.0
ALL_HOLDOUT,holdout,etr,19,0.713638885008808,24.0,153.0
ALL_HOLDOUT,holdout,etr,20,0.559047060370505,24.0,217.0
ALL_HOLDOUT,holdout,etr,21,0.6700319167056973,24.0,205.0
ALL_HOLDOUT,holdout,etr,22,0.6602556740707124,24.0,197.0
ALL_HOLDOUT,holdout,etr,23,0.5197362392898108,24.0,147.0
ALL_HOLDOUT,holdout,etr,24,0.711942237458309,24.0,175.0
ALL_HOLDOUT,holdout,etr,25,0.7094584190205446,24.0,167.0
ALL_HOLDOUT,holdout,etr,26,0.682026532739561,24.0,213.0
ALL_HOLDOUT,holdout,etr,27,0.5903193667372453,24.0,167.0
ALL_HOLDOUT,holdout,etr,28,0.6064508579068238,24.0,220.0
ALL_HOLDOUT,holdout,item_topdown,1,0.7122769185262078,24.0,181.0
ALL_HOLDOUT,holdout,item_topdown,2,0.653112025129286,24.0,167.0
ALL_HOLDOUT,holdout,item_topdown,3,0.6176043340365515,24.0,212.0
ALL_HOLDOUT,holdout,item_topdown,4,0.5140274860012366,24.0,225.0
ALL_HOLDOUT,holdout,item_topdown,5,0.6392166395174286,24.0,179.0
ALL_HOLDOUT,holdout,item_topdown,6,0.507006160592693,24.0,181.0
ALL_HOLDOUT,holdout,item_topdown,7,0.6875923155326159,24.0,189.0
ALL_HOLDOUT,holdout,item_topdown,8,0.761828631757692,24.0,200.0
ALL_HOLDOUT,holdout,item_topdown,9,0.5811038475632959,24.0,190.0
ALL_HOLDOUT,holdout,item_topdown,10,0.6874429557578958,24.0,183.0
ALL_HOLDOUT,holdout,item_topdown,11,0.5562035461853153,24.0,204.0
ALL_HOLDOUT,holdout,item_topdown,12,0.7443044325929897,24.0,205.0
ALL_HOLDOUT,holdout,item_topdown,13,0.6113851962982085,24.0,146.0
ALL_HOLDOUT,holdout,item_topdown,14,0.6782457037550972,24.0,207.0
ALL_HOLDOUT,holdout,item_topdown,15,0.6423646550063308,24.0,203.0
ALL_HOLDOUT,holdout,item_topdown,16,0.5430661126181323,24.0,144.0
ALL_HOLDOUT,holdout,item_topdown,17,0.6082716274719202,24.0,238.0
ALL_HOLDOUT,holdout,item_topdown,18,0.6273558508300658,24.0,190.0
ALL_HOLDOUT,holdout,item_topdown,19,0.564115769282511,24.0,153.0
ALL_HOLDOUT,holdout,item_topdown,20,0.5752278576913452,24.0,217.0
ALL_HOLDOUT,holdout,item_topdown,21,0.6596634187267437,24.0,205.0
ALL_HOLDOUT,holdout,item_topdown,22,0.5862244961997374,24.0,197.0
ALL_HOLDOUT,holdout,item_topdown,23,0.4752022089082737,24.0,147.0
ALL_HOLDOUT,holdout,item_topdown,24,0.7221837341979865,24.0,175.0
ALL_HOLDOUT,holdout,item_topdown,25,0.6951483590206661,24.0,167.0
ALL_HOLDOUT,holdout,item_topdown,26,0.531161796641497,24.0,213.0
ALL_HOLDOUT,holdout,item_topdown,27,0.5668838777576248,24.0,167.0
ALL_HOLDOUT,holdout,item_topdown,28,0.5081064536128072,24.0,220.0
ALL_HOLDOUT,holdout,lgbm,1,0.7188773297067367,24.0,181.0
ALL_HOLDOUT,holdout,lgbm,2,0.7135006159252786,24.0,167.0
ALL_HOLDOUT,holdout,lgbm,3,0.6526836940621823,24.0,212.0
ALL_HOLDOUT,holdout,lgbm,4,0.5677559500990962,24.0,225.0
ALL_HOLDOUT,holdout,lgbm,5,0.6309857736798302,24.0,179.0
ALL_HOLDOUT,holdout,lgbm,6,0.5478793590028167,24.0,181.0
ALL_HOLDOUT,holdout,lgbm,7,0.7182957566120862,24.0,189.0
ALL_HOLDOUT,holdout,lgbm,8,0.7462955973250991,24.0,200.0
ALL_HOLDOUT,holdout,lgbm,9,0.5970925791396278,24.0,190.0
ALL_HOLDOUT,holdout,lgbm,10,0.7273912943066907,24.0,183.0
ALL_HOLDOUT,holdout,lgbm,11,0.5923611172806247,24.0,204.0
ALL_HOLDOUT,holdout,lgbm,12,0.6940265820876429,24.0,205.0
ALL_HOLDOUT,holdout,lgbm,13,0.6215760868666412,24.0,146.0
ALL_HOLDOUT,holdout,lgbm,14,0.7008253444868292,24.0,207.0
ALL_HOLDOUT,holdout,lgbm,15,0.6052439254446134,24.0,203.0
ALL_HOLDOUT,holdout,lgbm,16,0.6077323677239161,24.0,144.0
ALL_HOLDOUT,holdout,lgbm,17,0.6055072330326529,24.0,238.0
ALL_HOLDOUT,holdout,lgbm,18,0.5370848867221918,24.0,190.0
ALL_HOLDOUT,holdout,lgbm,19,0.5971094745123212,24.0,153.0
ALL_HOLDOUT,holdout,lgbm,20,0.5436125347319662,24.0,217.0
ALL_HOLDOUT,holdout,lgbm,21,0.614095350887355,24.0,205.0
ALL_HOLDOUT,holdout,lgbm,22,0.6085594210338898,24.0,197.0
ALL_HOLDOUT,holdout,lgbm,23,0.5076694002952071,24.0,147.0
ALL_HOLDOUT,holdout,lgbm,24,0.7242815680896572,24.0,175.0
ALL_HOLDOUT,holdout,lgbm,25,0.5442640380039357,24.0,167.0
ALL_HOLDOUT,holdout,lgbm,26,0.7174365127936612,24.0,213.0
ALL_HOLDOUT,holdout,lgbm,27,0.3848216839811235,24.0,167.0
ALL_HOLDOUT,holdout,lgbm,28,0.649919601620133,24.0,220.0
ALL_HOLDOUT,holdout,wbaseline,1,0.657932666162967,24.0,181.0
ALL_HOLDOUT,holdout,wbaseline,2,0.6451378152354056,24.0,167.0
ALL_HOLDOUT,holdout,wbaseline,3,0.6082708906899621,24.0,212.0
ALL_HOLDOUT,holdout,wbaseline,4,0.45539820416875115,24.0,225.0
ALL_HOLDOUT,holdout,wbaseline,5,0.605890602508722,24.0,179.0
ALL_HOLDOUT,holdout,wbaseline,6,0.489309497842116,24.0,181.0
ALL_HOLDOUT,holdout,wbaseline,7,0.6097261114528638,24.0,189.0
ALL_HOLDOUT,holdout,wbaseline,8,0.7341429314446479,24.0,200.0
ALL_HOLDOUT,holdout,wbaseline,9,0.5916244607764385,24.0,190.0
ALL_HOLDOUT,holdout,wbaseline,10,0.693169655810984,24.0,183.0
ALL_HOLDOUT,holdout,wbaseline,11,0.5220052125396538,24.0,204.0
ALL_HOLDOUT,holdout,wbaseline,12,0.7109087973075716,24.0,205.0
ALL_HOLDOUT,holdout,wbaseline,13,0.5639529275088272,24.0,146.0
ALL_HOLDOUT,holdout,wbaseline,14,0.6382310605966162,24.0,207.0
ALL_HOLDOUT,holdout,wbaseline,15,0.6240585312542811,24.0,203.0
ALL_HOLDOUT,holdout,wbaseline,16,0.5288388888607719,24.0,144.0
ALL_HOLDOUT,holdout,wbaseline,17,0.5620726518835237,24.0,238.0
ALL_HOLDOUT,holdout,wbaseline,18,0.5869259721507365,24.0,190.0
ALL_HOLDOUT,holdout,wbaseline,19,0.5294537543766469,24.0,153.0
ALL_HOLDOUT,holdout,wbaseline,20,0.6280903201850895,24.0,217.0
ALL_HOLDOUT,holdout,wbaseline,21,0.6383927221306369,24.0,205.0
ALL_HOLDOUT,holdout,wbaseline,22,0.566385247453587,24.0,197.0
ALL_HOLDOUT,holdout,wbaseline,23,0.42689728596252724,24.0,147.0
ALL_HOLDOUT,holdout,wbaseline,24,0.6711485571485855,24.0,175.0
ALL_HOLDOUT,holdout,wbaseline,25,0.6453450226709464,24.0,167.0
ALL_HOLDOUT,holdout,wbaseline,26,0.5235614975820416,24.0,213.0
ALL_HOLDOUT,holdout,wbaseline,27,0.5552980614726556,24.0,167.0
ALL_HOLDOUT,holdout,wbaseline,28,0.4802579779804779,24.0,220.0
ALL_SELECTION,selection,ensemble_bucket_selected,1,0.7090705302151211,48.0,381.0
ALL_SELECTION,selection,ensemble_bucket_selected,2,0.574904703246654,48.0,370.0
ALL_SELECTION,selection,ensemble_bucket_selected,3,0.5825626955057188,48.0,340.0
ALL_SELECTION,selection,ensemble_bucket_selected,4,0.6132520387482417,48.0,321.0
ALL_SELECTION,selection,ensemble_bucket_selected,5,0.5873638772718968,48.0,452.0
ALL_SELECTION,selection,ensemble_bucket_selected,6,0.6969858654764652,48.0,335.0
ALL_SELECTION,selection,ensemble_bucket_selected,7,0.6719511668166805,48.0,332.0
ALL_SELECTION,selection,ensemble_bucket_selected,8,0.7031467841550505,48.0,378.0
ALL_SELECTION,selection,ensemble_bucket_selected,9,0.607165312394488,48.0,351.0
ALL_SELECTION,selection,ensemble_bucket_selected,10,0.5876130627473436,48.0,371.0
ALL_SELECTION,selection,ensemble_bucket_selected,11,0.5684796698843788,48.0,408.0
ALL_SELECTION,selection,ensemble_bucket_selected,12,0.6715473717069038,48.0,371.0
ALL_SELECTION,selection,ensemble_bucket_selected,13,0.6162333870397504,48.0,351.0
ALL_SELECTION,selection,ensemble_bucket_selected,14,0.6843240639596339,48.0,375.0
ALL_SELECTION,selection,ensemble_bucket_selected,15,0.6896121273521945,48.0,381.0
ALL_SELECTION,selection,ensemble_bucket_selected,16,0.6334541397187156,48.0,357.0
ALL_SELECTION,selection,ensemble_bucket_selected,17,0.65632178564297,48.0,395.0
ALL_SELECTION,selection,ensemble_bucket_selected,18,0.5597998328830964,48.0,429.0
ALL_SELECTION,selection,ensemble_bucket_selected,19,0.6954485333152834,48.0,384.0
ALL_SELECTION,selection,ensemble_bucket_selected,20,0.6002866740295465,48.0,327.0
ALL_SELECTION,selection,ensemble_bucket_selected,21,0.6986601054065975,48.0,396.0
ALL_SELECTION,selection,ensemble_bucket_selected,22,0.6617198028703608,48.0,403.0
ALL_SELECTION,selection,ensemble_bucket_selected,23,0.5598850374021571,48.0,334.0
ALL_SELECTION,selection,ensemble_bucket_selected,24,0.6514358481484965,48.0,421.0
ALL_SELECTION,selection,ensemble_bucket_selected,25,0.63252929766079,48.0,394.0
ALL_SELECTION,selection,ensemble_bucket_selected,26,0.6689643587238916,48.0,358.0
ALL_SELECTION,selection,ensemble_bucket_selected,27,0.6011370804308572,48.0,363.0
ALL_SELECTION,selection,ensemble_bucket_selected,28,0.6509325300044014,48.0,412.0
ALL_SELECTION,selection,ensemble_selected,1,0.7075787659857147,48.0,381.0
ALL_SELECTION,selection,ensemble_selected,2,0.5681711600377775,48.0,370.0
ALL_SELECTION,selection,ensemble_selected,3,0.5845523286556643,48.0,340.0
ALL_SELECTION,selection,ensemble_selected,4,0.6106594338323922,48.0,321.0
ALL_SELECTION,selection,ensemble_selected,5,0.5900020392710689,48.0,452.0
ALL_SELECTION,selection,ensemble_selected,6,0.6968506007769704,48.0,335.0
ALL_SELECTION,selection,ensemble_selected,7,0.6759389303609289,48.0,332.0
ALL_SELECTION,selection,ensemble_selected,8,0.7075786186059208,48.0,378.0
ALL_SELECTION,selection,ensemble_selected,9,0.6064899320978356,48.0,351.0
ALL_SELECTION,selection,ensemble_selected,10,0.5891603479828217,48.0,371.0
ALL_SELECTION,selection,ensemble_selected,11,0.5672152162125877,48.0,408.0
ALL_SELECTION,selection,ensemble_selected,12,0.6677221194593623,48.0,371.0
ALL_SELECTION,selection,ensemble_selected,13,0.6125584355134239,48.0,351.0
ALL_SELECTION,selection,ensemble_selected,14,0.6848751142703532,48.0,375.0
ALL_SELECTION,selection,ensemble_selected,15,0.6737996755873795,48.0,381.0
ALL_SELECTION,selection,ensemble_selected,16,0.6316457526181841,48.0,357.0
ALL_SELECTION,selection,ensemble_selected,17,0.6599511855203184,48.0,395.0
ALL_SELECTION,selection,ensemble_selected,18,0.559092793537585,48.0,429.0
ALL_SELECTION,selection,ensemble_selected,19,0.6989916322952562,48.0,384.0
ALL_SELECTION,selection,ensemble_selected,20,0.6108595959059019,48.0,327.0
ALL_SELECTION,selection,ensemble_selected,21,0.6933121775986398,48.0,396.0
ALL_SELECTION,selection,ensemble_selected,22,0.6617198028703608,48.0,403.0
ALL_SELECTION,selection,ensemble_selected,23,0.5598850374021571,48.0,334.0
ALL_SELECTION,selection,ensemble_selected,24,0.6514358481484965,48.0,421.0
ALL_SELECTION,selection,ensemble_selected,25,0.63252929766079,48.0,394.0
ALL_SELECTION,selection,ensemble_selected,26,0.6689643587238916,48.0,358.0
ALL_SELECTION,selection,ensemble_selected,27,0.6011370804308572,48.0,363.0
ALL_SELECTION,selection,ensemble_selected,28,0.6509325300044014,48.0,412.0
ALL_SELECTION,selection,etr,1,0.702743068852227,48.0,381.0
ALL_SELECTION,selection,etr,2,0.5654856842044342,48.0,370.0
ALL_SELECTION,selection,etr,3,0.5875551721222677,48.0,340.0
ALL_SELECTION,selection,etr,4,0.6077894051978943,48.0,321.0
ALL_SELECTION,selection,etr,5,0.5868456777191765,48.0,452.0
ALL_SELECTION,selection,etr,6,0.6970741416198507,48.0,335.0
ALL_SELECTION,selection,etr,7,0.6849963632617465,48.0,332.0
ALL_SELECTION,selection,etr,8,0.7084359513051408,48.0,378.0
ALL_SELECTION,selection,etr,9,0.6038117762027765,48.0,351.0
ALL_SELECTION,selection,etr,10,0.592254918453778,48.0,371.0
ALL_SELECTION,selection,etr,11,0.5646768884341647,48.0,408.0
ALL_SELECTION,selection,etr,12,0.6600716149642796,48.0,371.0
ALL_SELECTION,selection,etr,13,0.605208532460771,48.0,351.0
ALL_SELECTION,selection,etr,14,0.6853307062536229,48.0,375.0
ALL_SELECTION,selection,etr,15,0.6775594743426108,48.0,381.0
ALL_SELECTION,selection,etr,16,0.6408734154991409,48.0,357.0
ALL_SELECTION,selection,etr,17,0.656578311699017,48.0,395.0
ALL_SELECTION,selection,etr,18,0.5641742815373352,48.0,429.0
ALL_SELECTION,selection,etr,19,0.6907997222263172,48.0,384.0
ALL_SELECTION,selection,etr,20,0.6134104695352783,48.0,327.0
ALL_SELECTION,selection,etr,21,0.6849999365480066,48.0,396.0
ALL_SELECTION,selection,etr,22,0.6572794643723614,48.0,403.0
ALL_SELECTION,selection,etr,23,0.5597027404040611,48.0,334.0
ALL_SELECTION,selection,etr,24,0.6620838356885608,48.0,421.0
ALL_SELECTION,selection,etr,25,0.6235141288139385,48.0,394.0
ALL_SELECTION,selection,etr,26,0.6759136122617516,48.0,358.0
ALL_SELECTION,selection,etr,27,0.6039524619664082,48.0,363.0
ALL_SELECTION,selection,etr,28,0.637441682255851,48.0,412.0
ALL_SELECTION,selection,item_topdown,1,0.6993153262265199,48.0,381.0
ALL_SELECTION,selection,item_topdown,2,0.5923688203029203,48.0,370.0
ALL_SELECTION,selection,item_topdown,3,0.5281871146755522,48.0,340.0
ALL_SELECTION,selection,item_topdown,4,0.5817443716480823,48.0,321.0
ALL_SELECTION,selection,item_topdown,5,0.5452982261738692,48.0,452.0
ALL_SELECTION,selection,item_topdown,6,0.6515108753354394,48.0,335.0
ALL_SELECTION,selection,item_topdown,7,0.6168126607152471,48.0,332.0
ALL_SELECTION,selection,item_topdown,8,0.6868564306726468,48.0,378.0
ALL_SELECTION,selection,item_topdown,9,0.5471412646761438,48.0,351.0
ALL_SELECTION,selection,item_topdown,10,0.5110066062983545,48.0,371.0
ALL_SELECTION,selection,item_topdown,11,0.5034437192378364,48.0,408.0
ALL_SELECTION,selection,item_topdown,12,0.5259642566708177,48.0,371.0
ALL_SELECTION,selection,item_topdown,13,0.48519939494659076,48.0,351.0
ALL_SELECTION,selection,item_topdown,14,0.6745654446927161,48.0,375.0
ALL_SELECTION,selection,item_topdown,15,0.6376284535374486,48.0,381.0
ALL_SELECTION,selection,item_topdown,16,0.5469201589637955,48.0,357.0
ALL_SELECTION,selection,item_topdown,17,0.5824032673258476,48.0,395.0
ALL_SELECTION,selection,item_topdown,18,0.504981351059237,48.0,429.0
ALL_SELECTION,selection,item_topdown,19,0.6490178239940704,48.0,384.0
ALL_SELECTION,selection,item_topdown,20,0.4722841347687798,48.0,327.0
ALL_SELECTION,selection,item_topdown,21,0.6511390255146029,48.0,396.0
ALL_SELECTION,selection,item_topdown,22,0.6683276183766109,48.0,403.0
ALL_SELECTION,selection,item_topdown,23,0.4614415321077213,48.0,334.0
ALL_SELECTION,selection,item_topdown,24,0.5798913510253175,48.0,421.0
ALL_SELECTION,selection,item_topdown,25,0.5571598664309259,48.0,394.0
ALL_SELECTION,selection,item_topdown,26,0.5044371519966394,48.0,358.0
ALL_SELECTION,selection,item_topdown,27,0.5538682096454292,48.0,363.0
ALL_SELECTION,selection,item_topdown,28,0.5708997514860489,48.0,412.0
ALL_SELECTION,selection,lgbm,1,0.7119290044294361,48.0,381.0
ALL_SELECTION,selection,lgbm,2,0.5725973279821397,48.0,370.0
ALL_SELECTION,selection,lgbm,3,0.5707637655185481,48.0,340.0
ALL_SELECTION,selection,lgbm,4,0.6172607897114105,48.0,321.0
ALL_SELECTION,selection,lgbm,5,0.596880540683021,48.0,452.0
ALL_SELECTION,selection,lgbm,6,0.6748829972933776,48.0,335.0
ALL_SELECTION,selection,lgbm,7,0.631964904048513,48.0,332.0
ALL_SELECTION,selection,lgbm,8,0.669600500169442,48.0,378.0
ALL_SELECTION,selection,lgbm,9,0.6050272548456883,48.0,351.0
ALL_SELECTION,selection,lgbm,10,0.5736961147875828,48.0,371.0
ALL_SELECTION,selection,lgbm,11,0.565012157958439,48.0,408.0
ALL_SELECTION,selection,lgbm,12,0.6714476484827573,48.0,371.0
ALL_SELECTION,selection,lgbm,13,0.6270925846197128,48.0,351.0
ALL_SELECTION,selection,lgbm,14,0.6724374913260877,48.0,375.0
ALL_SELECTION,selection,lgbm,15,0.654193944435672,48.0,381.0
ALL_SELECTION,selection,lgbm,16,0.5947351010943572,48.0,357.0
ALL_SELECTION,selection,lgbm,17,0.6595515553638645,48.0,395.0
ALL_SELECTION,selection,lgbm,18,0.5387668415385843,48.0,429.0
ALL_SELECTION,selection,lgbm,19,0.6771369630988073,48.0,384.0
ALL_SELECTION,selection,lgbm,20,0.592305861035875,48.0,327.0
ALL_SELECTION,selection,lgbm,21,0.7055028468180583,48.0,396.0
ALL_SELECTION,selection,lgbm,22,0.6607441695656716,48.0,403.0
ALL_SELECTION,selection,lgbm,23,0.5405339872984268,48.0,334.0
ALL_SELECTION,selection,lgbm,24,0.6002717481433336,48.0,421.0
ALL_SELECTION,selection,lgbm,25,0.6623060574044111,48.0,394.0
ALL_SELECTION,selection,lgbm,26,0.6353646389859545,48.0,358.0
ALL_SELECTION,selection,lgbm,27,0.545278816935901,48.0,363.0
ALL_SELECTION,selection,lgbm,28,0.6572455836646424,48.0,412.0
ALL_SELECTION,selection,wbaseline,1,0.6566580535285845,48.0,381.0
ALL_SELECTION,selection,wbaseline,2,0.5738505793283651,48.0,370.0
ALL_SELECTION,selection,wbaseline,3,0.5092612226515132,48.0,340.0
ALL_SELECTION,selection,wbaseline,4,0.5744855010461944,48.0,321.0
ALL_SELECTION,selection,wbaseline,5,0.5172081476089174,48.0,452.0
ALL_SELECTION,selection,wbaseline,6,0.6055007238547188,48.0,335.0
ALL_SELECTION,selection,wbaseline,7,0.5757845247706844,48.0,332.0
ALL_SELECTION,selection,wbaseline,8,0.6777770820187742,48.0,378.0
ALL_SELECTION,selection,wbaseline,9,0.5158297541796705,48.0,351.0
ALL_SELECTION,selection,wbaseline,10,0.5094395846940688,48.0,371.0
ALL_SELECTION,selection,wbaseline,11,0.488983044002196,48.0,408.0
ALL_SELECTION,selection,wbaseline,12,0.4897487418138932,48.0,371.0
ALL_SELECTION,selection,wbaseline,13,0.4381347739306809,48.0,351.0
ALL_SELECTION,selection,wbaseline,14,0.5656456548261757,48.0,375.0
ALL_SELECTION,selection,wbaseline,15,0.593318374641893,48.0,381.0
ALL_SELECTION,selection,wbaseline,16,0.48734180191178944,48.0,357.0
ALL_SELECTION,selection,wbaseline,17,0.5731926556343307,48.0,395.0
ALL_SELECTION,selection,wbaseline,18,0.48125624936714145,48.0,429.0
ALL_SELECTION,selection,wbaseline,19,0.6103553808753333,48.0,384.0
ALL_SELECTION,selection,wbaseline,20,0.4293270523278463,48.0,327.0
ALL_SELECTION,selection,wbaseline,21,0.5986398552115703,48.0,396.0
ALL_SELECTION,selection,wbaseline,22,0.6672919377110185,48.0,403.0
ALL_SELECTION,selection,wbaseline,23,0.45238583511463104,48.0,334.0
ALL_SELECTION,selection,wbaseline,24,0.5843677226704737,48.0,421.0
ALL_SELECTION,selection,wbaseline,25,0.5484618129856542,48.0,394.0
ALL_SELECTION,selection,wbaseline,26,0.47966538919868307,48.0,358.0
ALL_SELECTION,selection,wbaseline,27,0.5430294659124906,48.0,363.0
ALL_SELECTION,selection,wbaseline,28,0.5407694414272882,48.0,412.0
