model,horizon,score,actual_sum,forecast_sum,abs_error_sum,signed_error_sum,bias_ratio,n_rows
bottomup_mix,1,0.6361914257228314,1003.0,939.6,430.6,-63.39999999999999,-0.06321036889332003,144.0
bottomup_mix,2,0.5420570264765784,982.0,886.5,490.29999999999995,-95.5,-0.09725050916496945,144.0
bottomup_mix,3,0.5342922899884925,869.0,759.5,437.1,-109.49999999999997,-0.12600690448791713,144.0
bottomup_mix,4,0.522037422037422,962.0,795.3,524.5,-166.7,-0.17328482328482328,144.0
bottomup_mix,5,0.5341796874999999,1024.0,937.1,526.3,-86.89999999999999,-0.08486328124999999,144.0
bottomup_mix,6,0.6014851485148515,1010.0,904.7,435.7,-105.30000000000001,-0.10425742574257427,144.0
bottomup_mix,7,0.6150571131879543,963.0,783.8000000000001,416.6,-179.2,-0.18608515057113187,144.0
bottomup_mix,8,0.6738571428571428,1050.0,923.3000000000001,395.50000000000006,-126.70000000000002,-0.12066666666666669,144.0
bottomup_mix,9,0.519802445907808,1063.0,875.6500000000001,545.75,-187.35000000000002,-0.17624647224835374,144.0
bottomup_mix,10,0.5601344364012409,967.0,753.75,466.34999999999997,-213.25,-0.22052740434332987,144.0
bottomup_mix,11,0.5363550519357885,1059.0,794.85,537.45,-264.15,-0.24943342776203964,144.0
bottomup_mix,12,0.5557272727272727,1100.0,928.05,536.8499999999999,-171.95000000000005,-0.15631818181818186,144.0
bottomup_mix,13,0.541683366733467,998.0,908.0500000000001,488.15,-89.94999999999999,-0.09013026052104207,144.0
bottomup_mix,14,0.6050759013282733,1054.0,785.1000000000001,441.59999999999997,-268.90000000000003,-0.2551233396584441,144.0
bottomup_mix,15,0.6494083629893239,1124.0,924.9300000000001,442.54999999999995,-199.07,-0.1771085409252669,144.0
bottomup_mix,16,0.5052371541501977,1012.0,869.1750000000001,537.275,-142.825,-0.14113142292490116,144.0
bottomup_mix,17,0.5299540441176471,1088.0,759.325,549.9350000000001,-328.675,-0.30209099264705885,144.0
bottomup_mix,18,0.5216558441558442,1078.0,792.2149999999999,553.895,-285.785,-0.2651066790352505,144.0
bottomup_mix,19,0.5330336058128973,1101.0,931.1550000000001,570.825,-169.84499999999997,-0.15426430517711168,144.0
bottomup_mix,20,0.5100194931773879,1026.0,906.635,528.585,-119.365,-0.1163401559454191,144.0
bottomup_mix,21,0.5820180995475114,1105.0,778.49,491.95000000000005,-326.51000000000005,-0.29548416289592766,144.0
bottomup_mix,22,0.583222891566265,1162.0,935.655,518.94,-226.34499999999997,-0.194789156626506,144.0
bottomup_mix,23,0.4366846758349705,1018.0,879.6824999999999,608.5225,-138.3175,-0.13587180746561886,144.0
bottomup_mix,24,0.5571559233449478,1148.0,758.9875,548.9525,-389.0125,-0.33886106271777,144.0
bottomup_mix,25,0.4945528455284553,1107.0,802.1625,608.8375,-304.8375,-0.27537262872628726,144.0
bottomup_mix,26,0.47465266222961733,1202.0,942.9925,674.7975,-259.0075,-0.2154804492512479,144.0
bottomup_mix,27,0.49675908221797327,1046.0,916.3325,549.3874999999999,-129.6675,-0.12396510516252389,144.0
bottomup_mix,28,0.5420294882914137,1153.0,795.175,550.6949999999999,-357.82500000000005,-0.3103425845620122,144.0
cate2_mix,1,0.682457812537948,1003.0,939.5999999999999,387.0017162551922,-63.40000000000002,-0.06321036889332006,144.0
cate2_mix,2,0.5820805974607304,982.0,886.4999999999999,450.95763958003874,-95.5,-0.09725050916496945,144.0
cate2_mix,3,0.5439062145076691,869.0,759.5,433.2584746452526,-109.5,-0.12600690448791715,144.0
cate2_mix,4,0.5815497750048999,962.0,795.3,448.7342542227575,-166.7,-0.17328482328482328,144.0
cate2_mix,5,0.556017503826838,1024.0,937.1000000000001,507.6209859361729,-86.89999999999996,-0.08486328124999996,144.0
cate2_mix,6,0.6015082087781389,1010.0,904.7,436.8083853837427,-105.30000000000003,-0.10425742574257428,144.0
cate2_mix,7,0.6349770243154614,963.0,783.8,394.3768335891955,-179.20000000000002,-0.1860851505711319,144.0
cate2_mix,8,0.7000067193255415,1050.0,923.3,379.09931845009606,-126.7,-0.12066666666666667,144.0
cate2_mix,9,0.5696340774265709,1063.0,875.6500000000001,492.0981587066624,-187.35000000000002,-0.17624647224835374,144.0
cate2_mix,10,0.585195388330601,967.0,753.75,443.5545611010788,-213.25,-0.22052740434332987,144.0
cate2_mix,11,0.5715443126249388,1059.0,794.85,488.0359285208126,-264.15,-0.24943342776203964,144.0
cate2_mix,12,0.5899247891184849,1100.0,928.05,501.92252380106515,-171.95,-0.1563181818181818,144.0
cate2_mix,13,0.5777112622858114,998.0,908.0500000000001,453.82325934869044,-89.94999999999999,-0.09013026052104207,144.0
cate2_mix,14,0.610531409943094,1054.0,785.1,437.9839723288878,-268.9,-0.255123339658444,144.0
cate2_mix,15,0.6594712415634612,1124.0,924.93,437.82744021915966,-199.07000000000005,-0.17710854092526696,144.0
cate2_mix,16,0.5174691999666788,1012.0,869.1750000000001,524.2666374379942,-142.82500000000005,-0.14113142292490122,144.0
cate2_mix,17,0.5527555911162206,1088.0,759.325,521.3466985102252,-328.67500000000007,-0.3020909926470589,144.0
cate2_mix,18,0.5580078240739583,1078.0,792.215,510.31292607408693,-285.785,-0.2651066790352505,144.0
cate2_mix,19,0.5688636537921197,1101.0,931.1550000000001,534.32952812903,-169.84499999999997,-0.15426430517711168,144.0
cate2_mix,20,0.5619417374256885,1026.0,906.635,473.3753945455962,-119.36500000000001,-0.11634015594541912,144.0
cate2_mix,21,0.5858843855964343,1105.0,778.49,484.0820246390377,-326.51,-0.2954841628959276,144.0
cate2_mix,22,0.6272883337221566,1162.0,935.655,480.1795015710717,-226.34500000000003,-0.19478915662650606,144.0
cate2_mix,23,0.46185911698144017,1018.0,879.6825,579.6020268817217,-138.3175,-0.13587180746561886,144.0
cate2_mix,24,0.592805893610349,1148.0,758.9875,506.9789337677649,-389.01250000000005,-0.33886106271777006,144.0
cate2_mix,25,0.5426350020844299,1107.0,802.1625,544.0635551263483,-304.8375,-0.27537262872628726,144.0
cate2_mix,26,0.5060370937346379,1202.0,942.9925,636.4413633370264,-259.0075,-0.2154804492512479,144.0
cate2_mix,27,0.5264715796470264,1046.0,916.3325,517.8264357670771,-129.66749999999996,-0.12396510516252386,144.0
cate2_mix,28,0.550191820591285,1153.0,795.175,539.2849526235976,-357.82500000000005,-0.3103425845620122,144.0
cate2_prophet,1,0.6538349722177655,1003.0,886.1355944581707,412.0053048325975,-116.86440554182934,-0.11651486095895248,144.0
cate2_prophet,2,0.5821454054101938,982.0,877.4152169931822,453.48280272753647,-104.58478300681774,-0.10650181568922377,144.0
cate2_prophet,3,0.48358155643358436,869.0,862.1434865691972,482.7661263422417,-6.856513430802735,-0.007890119022787958,144.0
cate2_prophet,4,0.5468469334676946,962.0,874.419270097736,479.72182313620897,-87.58072990226397,-0.09104025977366317,144.0
cate2_prophet,5,0.5621792664982561,1024.0,867.5600056397573,496.47760715130306,-156.43999436024268,-0.1527734319924245,144.0
cate2_prophet,6,0.6056070410334816,1010.0,928.5115971324606,438.7375267602894,-81.48840286753946,-0.08068158699756382,144.0
cate2_prophet,7,0.5892296946119182,963.0,1010.2921766294842,452.0206269179412,47.292176629484146,0.04910921768378416,144.0
cate2_prophet,8,0.6720520850115511,1050.0,923.9284190875478,399.13208649937087,-126.07158091245219,-0.12006817229757352,144.0
cate2_prophet,9,0.5616975730918934,1063.0,914.2624529305158,501.74489460921575,-148.73754706948418,-0.13992243374363517,144.0
cate2_prophet,10,0.5325644721363302,967.0,898.1586746153088,493.06609420195423,-68.8413253846912,-0.07119061570288646,144.0
cate2_prophet,11,0.529688925679189,1059.0,909.769016009925,528.0752041363005,-149.230983990075,-0.14091688762046742,144.0
cate2_prophet,12,0.6114449527613927,1100.0,902.2545521681241,474.5912749552384,-197.74544783187594,-0.17976858893806905,144.0
cate2_prophet,13,0.592071049188937,998.0,962.7324480795007,441.3986897898501,-35.2675519204993,-0.03533822837725381,144.0
cate2_prophet,14,0.6243153435944282,1054.0,1044.0807823217629,421.76719904099684,-9.91921767823699,-0.009411022465120484,144.0
cate2_prophet,15,0.6466355628301033,1124.0,956.9222542182424,454.44742699669445,-167.07774578175767,-0.14864568130049616,144.0
cate2_prophet,16,0.5296515291977508,1012.0,946.5496141090514,505.5949615711449,-65.45038589094858,-0.06467429435864484,144.0
cate2_prophet,17,0.5698350544842382,1088.0,929.6787569118657,500.4287238050132,-158.32124308813437,-0.1455158484265941,144.0
cate2_prophet,18,0.5542220844150068,1078.0,940.5164685085898,515.0035776528596,-137.4835314914102,-0.12753574349852523,144.0
cate2_prophet,19,0.5990132261722036,1101.0,932.073684889566,500.3446094127293,-168.9263151104341,-0.15342989564980392,144.0
cate2_prophet,20,0.57514787015149,1026.0,991.6493196228689,462.46370071708236,-34.35068037713101,-0.03348019529934797,144.0
cate2_prophet,21,0.624768153764718,1105.0,1071.9958677690825,447.78221967466584,-33.00413223091758,-0.02986799296915618,144.0
cate2_prophet,22,0.6452685132653229,1162.0,983.3501205835912,464.4350479721951,-178.6498794164088,-0.15374344183856178,144.0
cate2_prophet,23,0.5636903798551672,1018.0,971.4766359993534,478.3953050555406,-46.52336400064645,-0.04570075049179416,144.0
cate2_prophet,24,0.6073568526293273,1148.0,952.966548691863,495.4113127915815,-195.03345130813702,-0.16988976594785454,144.0
cate2_prophet,25,0.5692608321650723,1107.0,962.1071640454044,514.6206886260362,-144.8928359545956,-0.13088783735735826,144.0
cate2_prophet,26,0.6198749949010992,1202.0,951.7861844077677,486.75471752978183,-250.21381559223232,-0.20816457204012673,144.0
cate2_prophet,27,0.5486439087226439,1046.0,1009.5116979410407,495.39058481198583,-36.48830205895937,-0.03488365397606058,144.0
cate2_prophet,28,0.5897384921186929,1153.0,1087.9378273298416,506.4154075442284,-65.06217267015825,-0.05642859728547983,144.0
ensemble,1,0.6646897316044955,1003.0,896.8284755665366,401.85900522045495,-106.17152443346345,-0.10585396254582596,144.0
ensemble,2,0.5876748333169256,982.0,879.2321735945459,447.5351436123517,-102.76782640545414,-0.10465155438437286,144.0
ensemble,3,0.5044686571623055,869.0,841.6147892553578,465.19813104286106,-27.38521074464215,-0.03151347611581375,144.0
ensemble,4,0.564895448116975,962.0,858.5954160781889,462.8384649726693,-103.40458392181111,-0.10748917247589512,144.0
ensemble,5,0.5680225974363857,1024.0,881.4680045118059,491.4607830325258,-142.5319954881941,-0.13919140184393955,144.0
ensemble,6,0.6113054570103815,1010.0,923.7492777059686,431.768334232732,-86.25072229403153,-0.08539675474656587,144.0
ensemble,7,0.620378636944571,963.0,964.9937413035874,419.3063724867498,1.9937413035873846,0.0020703440328010223,144.0
ensemble,8,0.6852534252825665,1050.0,923.8027352700384,387.1345988108876,-126.19726472996172,-0.12018787117139211,144.0
ensemble,9,0.5681054108020874,1063.0,906.5399623444127,494.6913167643214,-156.4600376555873,-0.14718724144457884,144.0
ensemble,10,0.5524608793694138,967.0,869.276939692247,474.1027809793592,-97.72306030775292,-0.1010579734309751,144.0
ensemble,11,0.5523111193721784,1059.0,886.7852128079401,504.97541684743703,-172.21478719205993,-0.1626201956487818,144.0
ensemble,12,0.6158107750207974,1100.0,907.4136417344992,470.5206842376189,-192.58635826550073,-0.17507850751409157,144.0
ensemble,13,0.5976231343347809,998.0,951.7959584636005,435.4764092602021,-46.20404153639938,-0.0462966348060114,144.0
ensemble,14,0.6475902226934842,1054.0,992.2846258574104,397.5731779144688,-61.71537414258953,-0.05855348590378513,144.0
ensemble,15,0.6546536636018331,1124.0,950.5238033745939,444.996544953022,-173.4761966254061,-0.15433825322545025,144.0
ensemble,16,0.5335218265456915,1012.0,931.0746912872413,502.9468523920298,-80.92530871275879,-0.07996572007189603,144.0
ensemble,17,0.5772257714521098,1088.0,895.6080055294926,492.85472745613066,-192.39199447050743,-0.17683087727068697,144.0
ensemble,18,0.5754689216254597,1078.0,910.8561748068719,491.97756229470656,-167.1438251931281,-0.15504993060587022,144.0
ensemble,19,0.5989671727390318,1101.0,931.8899479116528,500.5533621478172,-169.1100520883472,-0.1535967775552654,144.0
ensemble,20,0.5831660370909316,1026.0,974.6464556982953,453.7095017675837,-51.35354430170479,-0.05005218742856217,144.0
ensemble,21,0.6507707115635444,1105.0,1013.2946942152661,417.71604153464625,-91.70530578473398,-0.08299122695451039,144.0
ensemble,22,0.6514516704433628,1162.0,973.8110964668731,456.2205163252562,-188.18890353312702,-0.16195258479615063,144.0
ensemble,23,0.5563571784146922,1018.0,953.1178087994829,485.36900336608954,-64.88219120051713,-0.06373496188655907,144.0
ensemble,24,0.6174982365342001,1148.0,914.1707389534905,482.74162807326684,-233.82926104650957,-0.2036840253018376,144.0
ensemble,25,0.5882491636182081,1107.0,930.1182312363236,493.594220227623,-176.8817687636764,-0.159784795631144,144.0
ensemble,26,0.6031749298910751,1202.0,950.0274475262142,509.39889339286236,-251.97255247378575,-0.20962774748235088,144.0
ensemble,27,0.5605873562451462,1046.0,990.8758583528324,482.74645765184744,-55.12414164716746,-0.052699944213353216,144.0
ensemble,28,0.6096381107865018,1153.0,1029.3852618638734,480.9255937818984,-123.61473813612653,-0.10721139474078624,144.0
ensemble_bias_global,1,0.6685074543288884,1003.0,934.0590804407093,400.7507490798236,-68.94091955929068,-0.06873471541305153,144.0
ensemble_bias_global,2,0.5859851304367732,982.0,915.7322921117237,450.96423382444436,-66.26770788827622,-0.06748239092492486,144.0
ensemble_bias_global,3,0.49569895839265093,869.0,876.5532736241024,474.2545984494991,7.5532736241023315,0.008691914412085536,144.0
ensemble_bias_global,4,0.5559804692042,962.0,894.2388278940209,473.2523952982931,-67.761172105979,-0.07043780884197401,144.0
ensemble_bias_global,5,0.5626622006653721,1024.0,918.0609404848451,498.9888095378585,-105.93905951515498,-0.10345611280776854,144.0
ensemble_bias_global,6,0.6063869933155142,1010.0,962.0974627804305,438.36277075480405,-47.90253721956928,-0.047428254672840876,144.0
ensemble_bias_global,7,0.6106536915254561,963.0,1005.0541337502343,430.90206373527496,42.054133750234264,0.04366992082059633,144.0
ensemble_bias_global,8,0.6905823463344374,1050.0,962.1531395619982,383.8910076726947,-87.84686043800176,-0.08366367660762072,144.0
ensemble_bias_global,9,0.5719285720427376,1063.0,944.173726280567,492.1046571867337,-118.82627371943283,-0.11178388872947585,144.0
ensemble_bias_global,10,0.5472832277507327,967.0,905.3637803196788,480.82543015689555,-61.63621968032119,-0.06373962738399296,144.0
ensemble_bias_global,11,0.5479469105610383,1059.0,923.5988853950591,510.878759783029,-135.40111460494086,-0.12785752087340968,144.0
ensemble_bias_global,12,0.6168916808384546,1100.0,945.0836752729747,471.32071112776384,-154.91632472702523,-0.14083302247911383,144.0
ensemble_bias_global,13,0.5840799828809347,998.0,991.3084630459374,450.39996484178846,-6.691536954062666,-0.006704946847758183,144.0
ensemble_bias_global,14,0.6422355600419617,1054.0,1033.4779619685057,404.30187934149217,-20.52203803149422,-0.01947062431830571,144.0
ensemble_bias_global,15,0.6640585430501064,1124.0,989.9834961821623,436.7845663765061,-134.01650381783776,-0.1192317649624891,144.0
ensemble_bias_global,16,0.52825539710227,1012.0,969.7269808655351,509.55804378340906,-42.2730191344649,-0.0417717580380088,144.0
ensemble_bias_global,17,0.5819704129343343,1088.0,932.7879442629842,489.05737482714494,-155.21205573701587,-0.142658139464169,144.0
ensemble_bias_global,18,0.5706089596926804,1078.0,948.6691203871432,498.6418911755667,-129.33087961285685,-0.11997298665385607,144.0
ensemble_bias_global,19,0.5998633855631593,1101.0,970.5760817512313,502.01660928014405,-130.42391824876876,-0.11845950794620232,144.0
ensemble_bias_global,20,0.5723603635523848,1026.0,1015.1075673519963,465.877048712351,-10.892432648003734,-0.010616406089672256,144.0
ensemble_bias_global,21,0.6427684189033686,1105.0,1055.3602345155923,427.8794422058105,-49.639765484407796,-0.044922864691771765,144.0
ensemble_bias_global,22,0.6600503021154035,1162.0,1014.2375293271142,448.35470957371626,-147.76247067288583,-0.1271621950713303,144.0
ensemble_bias_global,23,0.5525025688243934,1018.0,992.6851881866444,490.69369114586885,-25.314811813355597,-0.024867202174219644,144.0
ensemble_bias_global,24,0.6217001423438082,1148.0,952.1212841210126,479.7290633944955,-195.87871587898735,-0.17062605912803777,144.0
ensemble_bias_global,25,0.5855890196005514,1107.0,968.7308146866301,498.1076354928914,-138.26918531336997,-0.12490441311054198,144.0
ensemble_bias_global,26,0.60861151548199,1202.0,989.4665348010956,504.20978841184785,-212.53346519890454,-0.17681652678777415,144.0
ensemble_bias_global,27,0.5494203709082842,1046.0,1032.0107114119828,495.3869539746024,-13.989288588017338,-0.013374080868085409,144.0
ensemble_bias_global,28,0.6027400877992325,1153.0,1072.1187800246798,490.159225514961,-80.88121997532033,-0.07014849954494391,144.0
ensemble_bias_horizon,1,0.6640569690767121,1003.0,893.6070037113229,402.25823160141545,-109.39299628867695,-0.10906579889200095,144.0
ensemble_bias_horizon,2,0.587773243318726,982.0,876.0739089111639,447.2853684165385,-105.92609108883609,-0.10786770986643186,144.0
ensemble_bias_horizon,3,0.5050209711438363,869.0,838.5916488997789,464.5939513585443,-30.408351100221196,-0.034992348791969156,144.0
ensemble_bias_horizon,4,0.565651838936991,962.0,855.5112800998302,461.9518035994438,-106.48871990016968,-0.11069513503136141,144.0
ensemble_bias_horizon,5,0.568440848068436,1024.0,878.3017085642869,490.85606648713235,-145.69829143571317,-0.14228348773018865,144.0
ensemble_bias_horizon,6,0.6117271928171609,1010.0,920.4311044092032,431.20161912251695,-89.56889559079681,-0.08868207484237309,144.0
ensemble_bias_horizon,7,0.6211566406996989,963.0,961.5274149516025,418.3641492864044,-1.4725850483975051,-0.0015291641208696834,144.0
ensemble_bias_horizon,8,0.689466459808949,1050.0,950.7103410519874,384.3609775772179,-99.28965894801271,-0.0945615799504883,144.0
ensemble_bias_horizon,9,0.5707878366435748,1063.0,932.9447552737342,492.8764515108559,-130.0552447262656,-0.1223473609842574,144.0
ensemble_bias_horizon,10,0.5493284776846917,967.0,894.5963724191276,478.3357038754831,-72.40362758087231,-0.07487448560586589,144.0
ensemble_bias_horizon,11,0.5493588336660158,1059.0,912.6146090724174,509.0011222605552,-146.38539092758268,-0.13822983090423294,144.0
ensemble_bias_horizon,12,0.616865464126077,1100.0,933.8438823267371,470.7560748621688,-166.1561176732628,-0.15105101606660254,144.0
ensemble_bias_horizon,13,0.5882399763472337,998.0,979.5189229639218,445.8283315288812,-18.481077036078243,-0.018518113262603452,144.0
ensemble_bias_horizon,14,0.6445270742163911,1054.0,1021.1869039268246,401.5629203406607,-32.81309607317549,-0.03113196970889515,144.0
ensemble_bias_horizon,15,0.6631251260906486,1124.0,985.3549605394201,437.5570090750021,-138.64503946057985,-0.12334967923539132,144.0
ensemble_bias_horizon,16,0.528927160123383,1012.0,965.1931518552797,508.7278948592337,-46.80684814472039,-0.04625182622996086,144.0
ensemble_bias_horizon,17,0.5814152827411466,1088.0,928.426818785851,489.50126639334053,-159.57318121414903,-0.14666652685123993,144.0
ensemble_bias_horizon,18,0.5711979209910807,1078.0,944.2337445916737,497.83980750660976,-133.7662554083264,-0.12408743544371652,144.0
ensemble_bias_horizon,19,0.6000388492397158,1101.0,966.0382828831661,501.5360467768395,-134.96171711683385,-0.12258103280366381,144.0
ensemble_bias_horizon,20,0.5737764539826191,1026.0,1010.3615674693464,464.29734968821515,-15.638432530653695,-0.015242136969448046,144.0
ensemble_bias_horizon,21,0.6437574002180744,1105.0,1050.4260386626047,426.6316830105023,-54.5739613373953,-0.04938820030533512,144.0
ensemble_bias_horizon,22,0.6627374828129504,1162.0,1069.544717622532,448.14050575195984,-92.45528237746785,-0.0795656474849121,144.0
ensemble_bias_horizon,23,0.5434873636947231,1018.0,1046.817109983638,501.78745366203236,28.817109983637796,0.02830757365779744,144.0
ensemble_bias_horizon,24,0.6224594274144309,1148.0,1004.0412236009608,481.33532897029914,-143.95877639903918,-0.125399631009616,144.0
ensemble_bias_horizon,25,0.5770039258477258,1107.0,1021.5564852285125,509.7573766437527,-85.44351477148743,-0.07718474685771222,144.0
ensemble_bias_horizon,26,0.6137867099159543,1202.0,1043.4229408399901,499.8302099194433,-158.57705916001004,-0.13192766985025794,144.0
ensemble_bias_horizon,27,0.5324178112401001,1046.0,1088.287085622685,514.4847692531032,42.2870856226849,0.040427424113465484,144.0
ensemble_bias_horizon,28,0.5896261294821833,1153.0,1130.5822794785186,507.0310696438214,-22.41772052148137,-0.019442949281423566,144.0
ensemble_bias_item,1,0.6741476585511673,1003.0,921.5783523740661,397.87637361689673,-81.4216476259339,-0.08117811328607567,144.0
ensemble_bias_item,2,0.5929705419912327,982.0,906.7213611221094,449.2235288099773,-75.27863887789053,-0.07665849172901276,144.0
ensemble_bias_item,3,0.5084538213783782,869.0,869.3154700646467,465.5591918018778,0.3154700646467177,0.00036302654159576256,144.0
ensemble_bias_item,4,0.5772480165270016,962.0,887.0736789159026,455.77214133213965,-74.9263210840974,-0.0778859886529079,144.0
ensemble_bias_item,5,0.568775038232495,1024.0,908.6202903705557,496.95797074928623,-115.3797096294443,-0.1126754976850042,144.0
ensemble_bias_item,6,0.6088146734181273,1010.0,950.8804362633816,439.90580249075776,-59.11956373661839,-0.05853422152140435,144.0
ensemble_bias_item,7,0.6233677851458999,963.0,1004.8752193288535,426.5416306904845,41.87521932885352,0.04348413222103169,144.0
ensemble_bias_item,8,0.6976502019633966,1050.0,951.3962584681974,377.72100944420356,-98.60374153180271,-0.09390832526838354,144.0
ensemble_bias_item,9,0.570429085864375,1063.0,936.837768583762,496.0820692393781,-126.16223141623803,-0.11868507188733587,144.0
ensemble_bias_item,10,0.5592322623664658,967.0,900.1620224674703,471.5462368725401,-66.83797753252976,-0.06911890127459128,144.0
ensemble_bias_item,11,0.5506004519819965,1059.0,918.5392973058044,509.333013096057,-140.46070269419556,-0.13263522445155387,144.0
ensemble_bias_item,12,0.6192885712573732,1100.0,938.0873266271584,471.67442289435587,-161.91267337284154,-0.14719333942985593,144.0
ensemble_bias_item,13,0.6028018390440614,998.0,982.5752464369465,434.2767662101382,-15.424753563053544,-0.015455664892839222,144.0
ensemble_bias_item,14,0.6561239523215394,1054.0,1036.0634499663163,394.5826370948451,-17.936550033683787,-0.01701759965245141,144.0
ensemble_bias_item,15,0.6654102600781672,1124.0,982.1753599292056,437.78650800337135,-141.82464007079435,-0.1261785054010626,144.0
ensemble_bias_item,16,0.5500207936676781,1012.0,965.7265891142152,488.7691705513698,-46.273410885784756,-0.045724714314016555,144.0
ensemble_bias_item,17,0.5775688213664469,1088.0,930.9624574685499,496.13375915208536,-157.0375425314501,-0.14433597659140635,144.0
ensemble_bias_item,18,0.5792371813473515,1078.0,947.4445213351191,490.6264723179776,-130.55547866488092,-0.12110897835332182,144.0
ensemble_bias_item,19,0.6130170476576658,1101.0,967.6653902012929,491.5632357228456,-133.33460979870716,-0.1211031878280719,144.0
ensemble_bias_item,20,0.5979277738091082,1026.0,1010.9262708790868,442.4605810299335,-15.07372912091327,-0.014691743782566541,144.0
ensemble_bias_item,21,0.6632639761310697,1105.0,1062.7987778544657,410.13059965040054,-42.20122214553445,-0.0381911512629271,144.0
ensemble_bias_item,22,0.6706490328205761,1162.0,1011.8359098900356,437.49475390916837,-150.16409010996438,-0.12922899320995213,144.0
ensemble_bias_item,23,0.5711668743736654,1018.0,994.2915354654904,472.6037812912942,-23.708464534509744,-0.023289257892445722,144.0
ensemble_bias_item,24,0.6256872934195341,1148.0,956.3489157597342,477.71204993958463,-191.65108424026585,-0.1669434531709633,144.0
ensemble_bias_item,25,0.587761562512353,1107.0,973.6879000659771,498.274082383786,-133.31209993402294,-0.1204264678717461,144.0
ensemble_bias_item,26,0.6265103041294681,1202.0,992.9784900731022,484.3536068978401,-209.02150992689778,-0.17389476699409134,144.0
ensemble_bias_item,27,0.5651798577555646,1046.0,1034.3103884292264,480.4477682516135,-11.689611570773536,-0.01117553687454449,144.0
ensemble_bias_item,28,0.62577273537473,1153.0,1086.225791124577,467.7363295781126,-66.77420887542304,-0.05791345088935216,144.0
ensemble_residual_beta_0.3,1,0.6676820955167191,1003.0,932.6874755665365,401.5513955757086,-70.31252443346344,-0.07010221778012307,144.0
ensemble_residual_beta_0.3,2,0.5813875792896831,982.0,897.7822370866094,453.9998010808651,-84.21776291339064,-0.08576146936190493,144.0
ensemble_residual_beta_0.3,3,0.501199328505452,869.0,826.1917892553579,467.4655657738716,-42.80821074464215,-0.04926146230683792,144.0
ensemble_residual_beta_0.3,4,0.5658416354010364,962.0,851.471666078189,461.48644489773926,-110.52833392181115,-0.1148943180060407,144.0
ensemble_residual_beta_0.3,5,0.5588328945907598,1024.0,910.5880045118058,502.6299861319029,-113.41199548819401,-0.11075390184393946,144.0
ensemble_residual_beta_0.3,6,0.602063573103507,1010.0,943.8036229440637,442.0257740103225,-66.1963770559363,-0.06554096738211515,144.0
ensemble_residual_beta_0.3,7,0.6243771116826031,963.0,947.4469079702541,413.36632441531134,-15.553092029745955,-0.016150666697555507,144.0
ensemble_residual_beta_0.3,8,0.6923857119976444,1050.0,956.846349988653,381.76278440354736,-93.15365001134691,-0.08871776191556849,144.0
ensemble_residual_beta_0.3,9,0.5654659360215492,1063.0,921.5392408436912,497.8432923872308,-141.4607591563088,-0.1330769135995379,144.0
ensemble_residual_beta_0.3,10,0.5503888900707103,967.0,853.9119396922471,475.4437781923725,-113.0880603077529,-0.11694732193149214,144.0
ensemble_residual_beta_0.3,11,0.551924352307774,1059.0,881.4015764443036,505.305018784382,-177.59842355569631,-0.16770389382029868,144.0
ensemble_residual_beta_0.3,12,0.6091473904698848,1100.0,937.0224368282944,479.83801984433285,-162.97756317170558,-0.1481614210651869,144.0
ensemble_residual_beta_0.3,13,0.5857150427916549,998.0,973.1902441778864,447.86808461019984,-24.809755822113672,-0.024859474771656988,144.0
ensemble_residual_beta_0.3,14,0.6473025444648086,1054.0,978.0072088299934,397.4105922160654,-75.9927911700066,-0.0720994223624351,144.0
ensemble_residual_beta_0.3,15,0.6622510889695113,1124.0,986.1542795650702,438.124064908786,-137.84572043492997,-0.12263854131221529,144.0
ensemble_residual_beta_0.3,16,0.530101812101069,1012.0,945.6712627158126,507.2857925477239,-66.32873728418743,-0.06554223051797177,144.0
ensemble_residual_beta_0.3,17,0.5705604906194346,1088.0,881.4341642596514,499.3923459119642,-206.56583574034872,-0.18985830490840874,144.0
ensemble_residual_beta_0.3,18,0.5717511285323561,1078.0,906.696174806872,495.55938729617685,-171.30382519312812,-0.15890892875058268,144.0
ensemble_residual_beta_0.3,19,0.6018789151574206,1101.0,963.1413764830813,499.50385988143205,-137.8586235169186,-0.12521219211345924,144.0
ensemble_residual_beta_0.3,20,0.5746813178968774,1026.0,995.0754874443269,462.80343846267203,-30.92451255567304,-0.03014085044412577,144.0
ensemble_residual_beta_0.3,21,0.6494298153499348,1105.0,1001.0780592946312,418.89099729056846,-103.92194070536895,-0.09404700516322982,144.0
ensemble_residual_beta_0.3,22,0.6574451938542332,1162.0,1008.5696678954444,450.88914194807097,-153.43033210455565,-0.13203987272336976,144.0
ensemble_residual_beta_0.3,23,0.539939608035344,1018.0,968.447650069324,502.6839328372441,-49.55234993067587,-0.048676178713826984,144.0
ensemble_residual_beta_0.3,24,0.6197279160225424,1148.0,894.6881992709508,479.09005484992184,-253.31180072904922,-0.2206548786838408,144.0
ensemble_residual_beta_0.3,25,0.5863199251532981,1107.0,925.7982312363235,495.7511622207925,-181.2017687636764,-0.16368723465553423,144.0
ensemble_residual_beta_0.3,26,0.5935104594003503,1202.0,979.4199872087538,522.8717257700299,-222.58001279124608,-0.18517471946027128,144.0
ensemble_residual_beta_0.3,27,0.5544005062669953,1046.0,1008.7531599401343,489.6785721804415,-37.246840059865804,-0.03560883370924073,144.0
ensemble_residual_beta_0.3,28,0.6106549972418172,1153.0,1021.3752618638734,479.5235859944197,-131.62473813612655,-0.11415848927677932,144.0
ensemble_residual_beta_0.5,1,0.6691913316710163,1003.0,956.5934755665367,401.8334526190911,-46.40652443346344,-0.04626772126965448,144.0
ensemble_residual_beta_0.5,2,0.577196076604855,982.0,910.1489460813184,458.30957272654064,-71.85105391868169,-0.07316807934692636,144.0
ensemble_residual_beta_0.5,3,0.49883893661562934,869.0,815.9097892553577,469.1343384115974,-53.09021074464219,-0.061093453100854074,144.0
ensemble_residual_beta_0.5,4,0.5654142079828038,962.0,846.7224994115222,461.60310480230373,-115.27750058847785,-0.11983108169280442,144.0
ensemble_residual_beta_0.5,5,0.5502685084168703,1024.0,930.0013378451393,512.5725491642697,-93.99866215486071,-0.09179556851060616,144.0
ensemble_residual_beta_0.5,6,0.5959023171655908,1010.0,957.1731864361271,448.86406719538286,-52.82681356387276,-0.05230377580581461,144.0
ensemble_residual_beta_0.5,7,0.6261734300113714,963.0,935.7490190813651,410.2434585988984,-27.250980918634855,-0.02829800718445987,144.0
ensemble_residual_beta_0.5,8,0.6942073157162898,1050.0,978.8754264677295,381.26149159463046,-71.12457353227052,-0.06773768907835287,144.0
ensemble_residual_beta_0.5,9,0.5636364625546877,1063.0,931.5387598432101,500.0188319699696,-131.4612401567898,-0.12367002836951065,144.0
ensemble_residual_beta_0.5,10,0.548490927127184,967.0,843.6686063589136,476.8373640662074,-123.33139364108627,-0.1275402209318369,144.0
ensemble_residual_beta_0.5,11,0.551666507598171,1059.0,877.8124855352127,505.5247534090121,-181.1875144647873,-0.17109302593464334,144.0
ensemble_residual_beta_0.5,12,0.6039674858793996,1100.0,956.7616335574912,486.86098996100634,-143.2383664425089,-0.13021669676591718,144.0
ensemble_residual_beta_0.5,13,0.5777763150962376,998.0,987.4531013207436,456.12920151019836,-10.546898679256504,-0.010568034748754012,144.0
ensemble_residual_beta_0.5,14,0.6467538357999759,1054.0,968.4889308117154,397.67839878118065,-85.51106918828464,-0.08113004666820174,144.0
ensemble_residual_beta_0.5,15,0.6625936572088489,1124.0,1009.9079303587209,438.8503689204603,-114.09206964127915,-0.10150540003672523,144.0
ensemble_residual_beta_0.5,16,0.5278218024713209,1012.0,955.4023103348602,510.1784193181867,-56.59768966513976,-0.05592657081535549,144.0
ensemble_residual_beta_0.5,17,0.5650737362629878,1088.0,871.9849367464237,504.8857965917002,-216.01506325357624,-0.19854325666688993,144.0
ensemble_residual_beta_0.5,18,0.5693391825942455,1078.0,904.0047390834559,497.8817502918299,-173.9952609165441,-0.16140562237156225,144.0
ensemble_residual_beta_0.5,19,0.602358251646838,1101.0,983.975662197367,500.41366116409085,-117.02433780263294,-0.10628913515225517,144.0
ensemble_residual_beta_0.5,20,0.5684100850076197,1026.0,1008.6948419416815,469.49679994170964,-17.305158058318554,-0.01686662578783485,144.0
ensemble_residual_beta_0.5,21,0.6470441536593009,1105.0,992.933636014208,421.32266375197486,-112.06636398579215,-0.10141752396904267,144.0
ensemble_residual_beta_0.5,22,0.6597948617445812,1162.0,1031.7420488478253,449.2475610769842,-130.25795115217468,-0.11209806467484913,144.0
ensemble_residual_beta_0.5,23,0.5286949926955752,1018.0,978.6675442492185,514.5321798031143,-39.33245575078165,-0.038636989932005546,144.0
ensemble_residual_beta_0.5,24,0.6210337858488667,1148.0,881.699839482591,476.86298217548284,-266.30016051740904,-0.23196878093850962,144.0
ensemble_residual_beta_0.5,25,0.5849577519621113,1107.0,924.3672610704184,497.299222952484,-182.63273892958168,-0.16497989063196178,144.0
ensemble_residual_beta_0.5,26,0.5870458225464659,1202.0,999.0150136637803,531.8796451666099,-202.98498633621958,-0.16887270077888483,144.0
ensemble_residual_beta_0.5,27,0.5500981286568215,1046.0,1020.6713609983351,494.48597212831527,-25.328639001664797,-0.024214760039832504,144.0
ensemble_residual_beta_0.5,28,0.6109729312393429,1153.0,1016.0352618638735,479.0039829589389,-136.96473813612653,-0.118789885634108,144.0
ensemble_residual_beta_0.7,1,0.6656229288066328,1003.0,980.4994755665366,407.2083815982102,-22.500524433463426,-0.02243322475918587,144.0
ensemble_residual_beta_0.7,2,0.5727002124404076,982.0,922.5156550760273,462.91822734520224,-59.48434492397264,-0.0605746893319477,144.0
ensemble_residual_beta_0.7,3,0.49614847139736507,869.0,805.6277892553578,471.08994477173894,-63.37221074464216,-0.07292544389487016,144.0
ensemble_residual_beta_0.7,4,0.5638698150270974,962.0,841.9733327448556,462.7942855539178,-120.02666725514446,-0.12476784537956805,144.0
ensemble_residual_beta_0.7,5,0.5399958852512337,1024.0,949.4146711784726,524.2643468761858,-74.58532882152737,-0.07283723517727282,144.0
ensemble_residual_beta_0.7,6,0.5897012495797895,1010.0,970.5427499281906,455.7425701448071,-39.45725007180931,-0.03906658422951417,144.0
ensemble_residual_beta_0.7,7,0.6275497421553193,963.0,924.0511301924762,407.5250587384676,-38.9488698075237,-0.04044534767136417,144.0
ensemble_residual_beta_0.7,8,0.6939770318649099,1050.0,1000.9045029468059,382.9146807342404,-49.095497053194016,-0.04675761624113716,144.0
ensemble_residual_beta_0.7,9,0.5617003084670527,1063.0,941.5382788427291,502.3077730525905,-121.46172115727083,-0.11426314313948338,144.0
ensemble_residual_beta_0.7,10,0.5463553234332895,967.0,833.4252730255804,478.4607485456479,-133.5747269744196,-0.1381331199321816,144.0
ensemble_residual_beta_0.7,11,0.5514086628885682,1059.0,874.2233946261218,505.744488033642,-184.77660537387814,-0.17448215804898787,144.0
ensemble_residual_beta_0.7,12,0.5983240760421387,1100.0,976.5008302866879,494.3938158491336,-123.49916971331216,-0.11227197246664741,144.0
ensemble_residual_beta_0.7,13,0.5698269235254342,998.0,1001.7159584636006,464.400960957832,3.7159584636005647,0.0037234052741488624,144.0
ensemble_residual_beta_0.7,14,0.6458225071924633,1054.0,958.9706527934375,398.34948676588067,-95.02934720656268,-0.09016067097396838,144.0
ensemble_residual_beta_0.7,15,0.6626587414326125,1124.0,1033.6615811523716,439.8885649656394,-90.3384188476283,-0.08037225876123515,144.0
ensemble_residual_beta_0.7,16,0.5239824850859605,1012.0,965.1333579539079,514.649065537329,-46.86664204609215,-0.04631091111273928,144.0
ensemble_residual_beta_0.7,17,0.5591798380187283,1088.0,862.5357092331963,510.82221982137673,-225.46429076680374,-0.2072282084253711,144.0
ensemble_residual_beta_0.7,18,0.5690903225516754,1078.0,903.973924268641,498.0755434408841,-174.02607573135893,-0.16143420754300458,144.0
ensemble_residual_beta_0.7,19,0.6019120807424578,1101.0,1004.8099479116529,502.34244608732075,-96.19005208834714,-0.087366078191051,144.0
ensemble_residual_beta_0.7,20,0.5617591764726614,1026.0,1022.3141964390359,476.579708633236,-3.6858035609640467,-0.0035924011315439054,144.0
ensemble_residual_beta_0.7,21,0.6445818651849268,1105.0,984.7892127337844,423.83900280941407,-120.21078726621549,-0.10878804277485565,144.0
ensemble_residual_beta_0.7,22,0.6608944046611576,1162.0,1054.9144298002063,449.0586254254199,-107.08557019979365,-0.09215625662632844,144.0
ensemble_residual_beta_0.7,23,0.5172278480963088,1018.0,988.8874384291125,526.6069615551529,-29.11256157088752,-0.028597801150184204,144.0
ensemble_residual_beta_0.7,24,0.6214897036120652,1148.0,868.7114796942312,475.6116544695125,-279.2885203057687,-0.24328268319317833,144.0
ensemble_residual_beta_0.7,25,0.584109158135357,1107.0,924.5894832926406,498.30835948207994,-182.41051670735942,-0.16477914788379353,144.0
ensemble_residual_beta_0.7,26,0.5800281805015391,1202.0,1018.6100401188068,541.5522768028227,-183.3899598811932,-0.1525706820974985,144.0
ensemble_residual_beta_0.7,27,0.5457583003754142,1046.0,1032.5895620565361,499.3325454782995,-13.41043794346379,-0.012820686370424274,144.0
ensemble_residual_beta_0.7,28,0.611290865236869,1153.0,1010.6952618638734,478.48437992345805,-142.30473813612647,-0.12342128199143666,144.0
ensemble_residual_beta_0.9,1,0.6605652552493196,1003.0,1004.4054755665366,414.07704908233774,1.4054755665365235,0.0014012717512826756,144.0
ensemble_residual_beta_0.9,2,0.5654912891892346,982.0,934.8823640707363,470.1911059870282,-47.11763592926369,-0.047981299316969137,144.0
ensemble_residual_beta_0.9,3,0.49338792417377847,869.0,795.3457892553579,473.10645239450554,-73.6542107446422,-0.0847574346888863,144.0
ensemble_residual_beta_0.9,4,0.562240678503086,962.0,837.2241660781889,464.06698961824156,-124.77583392181113,-0.12970460906633174,144.0
ensemble_residual_beta_0.9,5,0.5293590580387322,1024.0,968.828004511806,536.3290895320912,-55.17199548819406,-0.05387890184393951,144.0
ensemble_residual_beta_0.9,6,0.5832203756424186,1010.0,983.9123134202542,462.90367750931654,-26.08768657974583,-0.025829392653213695,144.0
ensemble_residual_beta_0.9,7,0.6253830655053743,963.0,912.3532413035874,408.21855708655556,-50.64675869641261,-0.05259268815826855,144.0
ensemble_residual_beta_0.9,8,0.6928140910951389,1050.0,1022.9335794258825,385.5471596381608,-27.066420574117522,-0.02577754340392145,144.0
ensemble_residual_beta_0.9,9,0.5591722606193346,1063.0,951.5377978422482,505.2258972021799,-111.46220215775175,-0.10485625790945602,144.0
ensemble_residual_beta_0.9,10,0.5433502778931081,967.0,823.1819396922469,480.92488329044807,-143.81806030775294,-0.14872601893252632,144.0
ensemble_residual_beta_0.9,11,0.5511164690819655,1059.0,870.634303717031,506.00059835199477,-188.365696282969,-0.1778712901633324,144.0
ensemble_residual_beta_0.9,12,0.5917788813937382,1100.0,996.2400270158846,502.9186050295142,-103.75997298411538,-0.09432724816737761,144.0
ensemble_residual_beta_0.9,13,0.5615188750011281,998.0,1015.9788156064578,473.03066004506167,17.978815606457793,0.0180148452970519,144.0
ensemble_residual_beta_0.9,14,0.64351280084629,1054.0,949.4523747751593,400.473384887129,-104.54762522484064,-0.09919129527973496,144.0
ensemble_residual_beta_0.9,15,0.662462560860576,1124.0,1057.4152319460227,441.22042264129834,-66.58476805397751,-0.05923911748574512,144.0
ensemble_residual_beta_0.9,16,0.5188849000760605,1012.0,974.8644055729554,520.3930785925054,-37.13559442704453,-0.03669525141012305,144.0
ensemble_residual_beta_0.9,17,0.5517688950016287,1088.0,853.0864817199688,518.409187763903,-234.91351828003118,-0.2159131601838522,144.0
ensemble_residual_beta_0.9,18,0.5688393332615765,1078.0,903.9431094538263,498.27163191877395,-174.0568905461737,-0.16146279271444683,144.0
ensemble_residual_beta_0.9,19,0.6022065994435425,1101.0,1022.7605053217685,503.2756497842305,-78.23949467823144,-0.07106221133354354,144.0
ensemble_residual_beta_0.9,20,0.5549518491988071,1026.0,1035.9335509363905,483.82310295086967,9.933550936390503,0.00968182352474708,144.0
ensemble_residual_beta_0.9,21,0.6419066163915216,1105.0,976.6447894533612,426.5906630193825,-128.35521054663874,-0.11615856158066855,144.0
ensemble_residual_beta_0.9,22,0.6619192828084697,1162.0,1078.0868107525873,448.9564502357406,-83.91318924741275,-0.07221444857780787,144.0
ensemble_residual_beta_0.9,23,0.5054450564600126,1018.0,999.1073326090068,539.003071990888,-18.892667390993317,-0.018558612368362787,144.0
ensemble_residual_beta_0.9,24,0.6199288212987146,1148.0,855.7231199058715,476.67561325142003,-292.27688009412856,-0.2545965854478472,144.0
ensemble_residual_beta_0.9,25,0.5832605643086028,1107.0,924.8117055148629,499.31749601167576,-182.18829448513728,-0.16457840513562536,144.0
ensemble_residual_beta_0.9,26,0.5725776882076337,1202.0,1038.2050665738334,551.7451944383079,-163.79493342616675,-0.1362686634161121,144.0
ensemble_residual_beta_0.9,27,0.5414184720940067,1046.0,1044.5077631147374,504.1791188282838,-1.4922368852626704,-0.0014266127010159372,144.0
ensemble_residual_beta_0.9,28,0.6116087992343949,1153.0,1005.3552618638735,477.96477688797717,-147.64473813612653,-0.12805267834876544,144.0
ensemble_shape_0.30,1,0.6550408189826114,1003.0,990.8499772268073,417.4878514514618,-12.150022773192724,-0.012113681728008698,144.0
ensemble_shape_0.30,2,0.5667329876570372,982.0,932.0003535080938,467.8510588508331,-49.99964649190615,-0.050916136957134574,144.0
ensemble_shape_0.30,3,0.513576422886867,869.0,814.4818688093649,455.67794832784665,-54.51813119063516,-0.06273662967852148,144.0
ensemble_shape_0.30,4,0.5676034398984808,962.0,849.5797634513998,464.75303270749976,-112.42023654860019,-0.11686095275322264,144.0
ensemble_shape_0.30,5,0.5467217086081354,1024.0,945.79423800503,516.4791993157255,-78.20576199496998,-0.07637281444821287,144.0
ensemble_shape_0.30,6,0.5817340684144208,1010.0,989.762150289715,462.3549489783511,-20.237849710284884,-0.020037474960678103,144.0
ensemble_shape_0.30,7,0.6283333726089956,963.0,940.226794946859,409.7209221085801,-22.773205053140998,-0.02364818800949221,144.0
ensemble_shape_0.30,8,0.6947579695525224,1050.0,1011.1750766022765,379.1930603443168,-38.82492339772351,-0.036976117521641434,144.0
ensemble_shape_0.30,9,0.5515273215535379,1063.0,950.1102793388734,512.990485031858,-112.88972066112666,-0.10619917277622451,144.0
ensemble_shape_0.30,10,0.5523288734482502,967.0,840.678289088065,473.92158189742975,-126.32171091193501,-0.13063258625846433,144.0
ensemble_shape_0.30,11,0.5536904284753706,1059.0,880.3223923325256,505.6955724974656,-178.67760766747446,-0.16872295341593432,144.0
ensemble_shape_0.30,12,0.6016494876478968,1100.0,971.2722395463664,489.2428756845289,-128.72776045363352,-0.11702523677603048,144.0
ensemble_shape_0.30,13,0.5494480943079517,998.0,1020.0801867440001,483.79368622695705,22.08018674400008,0.02212443561523054,144.0
ensemble_shape_0.30,14,0.6408158388025573,1054.0,975.128710113434,404.9757078743102,-78.87128988656602,-0.07483044581268124,144.0
ensemble_shape_0.30,15,0.6565621438863202,1124.0,1047.2826143077832,445.48615414059276,-76.71738569221687,-0.0682539018614029,144.0
ensemble_shape_0.30,16,0.5205023223298273,1012.0,979.1731447820429,518.0157424915091,-32.82685521795714,-0.03243760397031338,144.0
ensemble_shape_0.30,17,0.5604726946337164,1088.0,878.9830032685563,512.056418342994,-209.01699673144373,-0.19211121023110636,144.0
ensemble_shape_0.30,18,0.5845726807367191,1078.0,916.2588157431599,484.0992521940782,-161.7411842568401,-0.1500382043198888,144.0
ensemble_shape_0.30,19,0.6045257469256566,1101.0,1013.1401987275784,496.94700365993776,-87.85980127242155,-0.07980000115569623,144.0
ensemble_shape_0.30,20,0.541307857787255,1026.0,1052.6905199348703,498.12533374940847,26.690519934870217,0.026014151983304305,144.0
ensemble_shape_0.30,21,0.6414596780305871,1105.0,1012.6983987559506,429.9785145490973,-92.30160124404935,-0.0835308608543433,144.0
ensemble_shape_0.30,22,0.64080506015711,1162.0,1078.6525922449543,469.158170114259,-83.34740775504568,-0.07172754540021142,144.0
ensemble_shape_0.30,23,0.5025957422590205,1018.0,1017.613711638186,542.9851838785504,-0.3862883618140138,-0.0003794581157308584,144.0
ensemble_shape_0.30,24,0.6215733484667724,1148.0,902.0187165093278,477.2938230876631,-245.98128349067224,-0.21426941070616048,144.0
ensemble_shape_0.30,25,0.5752931775274499,1107.0,955.4243871783972,513.3550604169642,-151.57561282160282,-0.1369246728289095,144.0
ensemble_shape_0.30,26,0.5720725511464393,1202.0,1039.7731679215444,551.5328499877683,-162.22683207845552,-0.13496408658773337,144.0
ensemble_shape_0.30,27,0.5480904962115295,1046.0,1079.274370996494,498.89297351116613,33.27437099649407,0.03181106213813965,144.0
ensemble_shape_0.30,28,0.6052118142947146,1153.0,1060.187909090423,489.21221612988865,-92.81209090957671,-0.08049617598402144,144.0
ensemble_shape_0.45,1,0.6412275320689065,1003.0,1029.3108082922572,432.9361388714274,26.310808292257143,0.026232111956387978,144.0
ensemble_shape_0.45,2,0.5453240127381875,982.0,959.0000110720824,488.7613820376506,-22.999988927917574,-0.023421577319671663,144.0
ensemble_shape_0.45,3,0.5164007710829811,869.0,801.2676777220927,452.3509671462464,-67.7323222779073,-0.07794283346134327,144.0
ensemble_shape_0.45,4,0.5628130535597187,962.0,845.3595236451919,471.5675919778638,-116.6404763548082,-0.12124789641871954,144.0
ensemble_shape_0.45,5,0.5295485827535594,1024.0,975.2303679641567,535.5229529893289,-48.76963203584333,-0.04762659378500325,144.0
ensemble_shape_0.45,6,0.5635259836617984,1010.0,1024.2521287241916,481.1156713150009,14.252128724191529,0.014111018538803494,144.0
ensemble_shape_0.45,7,0.6184174017642866,963.0,928.9572815827704,418.3217456282528,-34.04271841722958,-0.035350694098888455,144.0
ensemble_shape_0.45,8,0.6862574665711013,1050.0,1054.2114039341177,389.03929955202784,4.211403934117861,0.004010860889636058,144.0
ensemble_shape_0.45,9,0.5398904708551959,1063.0,973.3912171443747,525.7332517263874,-89.60878285562526,-0.08429800833078577,144.0
ensemble_shape_0.45,10,0.5496511934513819,967.0,826.8072601232336,476.30329372235906,-140.1927398767664,-0.1449769802241638,144.0
ensemble_shape_0.45,11,0.5473757427488514,1059.0,877.3990387952545,513.4970660210721,-181.60096120474554,-0.17148343834253593,144.0
ensemble_shape_0.45,12,0.5897751704642828,1100.0,1004.2777054953731,503.9326176255699,-95.72229450462703,-0.08702026773147911,144.0
ensemble_shape_0.45,13,0.5188536465275961,998.0,1055.6745803274307,514.4434413079583,57.67458032743076,0.05779016064872822,144.0
ensemble_shape_0.45,14,0.6301917874518361,1054.0,967.785209370014,416.3234266868915,-86.214790629986,-0.08179771407019544,144.0
ensemble_shape_0.45,15,0.6471194093965341,1124.0,1091.5766288032346,457.13291077237136,-32.4233711967653,-0.028846415655485146,144.0
ensemble_shape_0.45,16,0.5043414654874625,1012.0,1002.4714954920025,535.0922019901724,-9.52850450799746,-0.00941551828853504,144.0
ensemble_shape_0.45,17,0.5465611083016022,1088.0,867.9529150280206,527.4731187805833,-220.04708497197942,-0.20224915898159873,144.0
ensemble_shape_0.45,18,0.5796262868090407,1078.0,915.2660677606882,490.1159930446636,-162.73393223931177,-0.1509591208156881,144.0
ensemble_shape_0.45,19,0.6013511298016206,1101.0,1034.8587481027935,500.6304755391206,-66.14125189720667,-0.06007379827175901,144.0
ensemble_shape_0.45,20,0.5157654476701244,1026.0,1086.1135340343585,524.8083661033259,60.113534034358494,0.058590189117308476,144.0
ensemble_shape_0.45,21,0.6341467097396403,1105.0,1006.7076640967274,438.68769113222663,-98.29233590327266,-0.08895234018395716,144.0
ensemble_shape_0.45,22,0.6185300241390281,1162.0,1117.9706373289173,494.6258571537018,-44.02936267108261,-0.03789101778922772,144.0
ensemble_shape_0.45,23,0.47120093255975515,1018.0,1040.2510428047515,575.4670527843539,22.25104280475139,0.021857605898577003,144.0
ensemble_shape_0.45,24,0.6107758206541192,1148.0,884.6454747554205,488.870758002947,-263.3545252445795,-0.22940289655451176,144.0
ensemble_shape_0.45,25,0.5620304738125581,1107.0,957.4166010576915,530.6422919234399,-149.58339894230846,-0.13512502162810158,144.0
ensemble_shape_0.45,26,0.5600886319854164,1202.0,1065.4324543209384,566.6414526574573,-136.56754567906165,-0.11361692652168191,144.0
ensemble_shape_0.45,27,0.5272085374468577,1046.0,1109.8918943020988,521.6928895360834,63.89189430209874,0.06108211692361256,144.0
ensemble_shape_0.45,28,0.6000437613085542,1153.0,1060.619777293669,495.8044079345598,-92.38022270633094,-0.08012161553020897,144.0
ensemble_shape_0.60,1,0.6252307835098841,1003.0,1065.450964714043,450.00916216902397,62.45096471404297,0.06226417219745062,144.0
ensemble_shape_0.60,2,0.5287045204543096,982.0,977.0885962098998,504.77777528833695,-4.911403790100151,-0.005001429521486915,144.0
ensemble_shape_0.60,3,0.5167163472870312,869.0,786.406253875355,451.17554165170134,-82.59374612464502,-0.09504458702490796,144.0
ensemble_shape_0.60,4,0.5558106286288707,962.0,840.3473843553236,479.8448756459293,-121.65261564467627,-0.1264580204206614,144.0
ensemble_shape_0.60,5,0.5150397493805626,1024.0,996.1621921807639,551.5146704833887,-27.83780781923612,-0.027185359198472772,144.0
ensemble_shape_0.60,6,0.5355116867419185,1010.0,1059.3777243748052,509.8076592727814,49.37772437480509,0.04888883601465851,144.0
ensemble_shape_0.60,7,0.6019678372485259,963.0,918.5003758698866,433.27044810248606,-44.499624130113325,-0.04620937085162339,144.0
ensemble_shape_0.60,8,0.6751264936043797,1050.0,1087.7890467704567,401.41254874752775,37.78904677045681,0.035989568352816005,144.0
ensemble_shape_0.60,9,0.526335745919729,1063.0,997.1685830108638,540.4391214748534,-65.83141698913619,-0.06192983724283743,144.0
ensemble_shape_0.60,10,0.5480940915650567,967.0,811.6015159316289,477.30193797303383,-155.39848406837118,-0.16070163812654722,144.0
ensemble_shape_0.60,11,0.5398133851734507,1059.0,874.2020874185564,522.5890406256548,-184.79791258144354,-0.17450227816944622,144.0
ensemble_shape_0.60,12,0.5776404411698088,1100.0,1036.8672124131017,518.9458831356941,-63.13278758689836,-0.05739344326081669,144.0
ensemble_shape_0.60,13,0.4829519321764473,998.0,1091.353755306513,550.3156257251954,93.3537553065131,0.09354083698047404,144.0
ensemble_shape_0.60,14,0.6151337410911752,1054.0,961.0900826865497,432.35711225296154,-92.90991731345028,-0.08814982667310273,144.0
ensemble_shape_0.60,15,0.6340987820484434,1124.0,1127.8615373089317,471.9623852125028,3.8615373089318155,0.0034355314136404053,144.0
ensemble_shape_0.60,16,0.4870710548358075,1012.0,1025.8446300054006,553.279645832288,13.844630005400706,0.013680464432214136,144.0
ensemble_shape_0.60,17,0.5317977837315313,1088.0,855.5278567509728,543.2881978189178,-232.47214324902717,-0.2136692493097676,144.0
ensemble_shape_0.60,18,0.5734528606678732,1078.0,913.1061398491967,497.0294353920593,-164.8938601508033,-0.1529627645183704,144.0
ensemble_shape_0.60,19,0.5993743991266344,1101.0,1053.261236509768,502.0521667458097,-47.73876349023209,-0.04335945821092833,144.0
ensemble_shape_0.60,20,0.48844493972258957,1026.0,1119.2907023179557,553.1022014325929,93.29070231795572,0.0909266104463506,144.0
ensemble_shape_0.60,21,0.6248537392862133,1105.0,1001.3610089538819,449.56431654063226,-103.63899104611826,-0.09379094212318395,144.0
ensemble_shape_0.60,22,0.600791950735915,1162.0,1147.5098310245328,514.5868284182052,-14.49016897546722,-0.012470024935858193,144.0
ensemble_shape_0.60,23,0.44125400824593664,1018.0,1054.7151610889637,605.8994792893608,36.7151610889637,0.03606597356479734,144.0
ensemble_shape_0.60,24,0.593287178430227,1148.0,863.7496287573448,507.5214762876286,-284.25037124265526,-0.24760485299882862,144.0
ensemble_shape_0.60,25,0.5475434125890696,1107.0,953.3203003037322,547.5032906684701,-153.6796996962679,-0.1388253836461318,144.0
ensemble_shape_0.60,26,0.5470207774514987,1202.0,1080.861195285766,581.9417503453884,-121.13880471423404,-0.10078103553596841,144.0
ensemble_shape_0.60,27,0.49896627911816194,1046.0,1138.5084731194822,551.8268411348154,92.50847311948212,0.08844022286757373,144.0
ensemble_shape_0.60,28,0.5884146552921143,1153.0,1058.626902041855,509.50955802373204,-94.37309795814507,-0.08185004159422817,144.0
item_prophet,1,0.6807214012156092,1003.0,932.3609778808114,384.14773196719835,-70.63902211918855,-0.07042773890248111,144.0
item_prophet,2,0.6087154191731223,982.0,925.1465528960994,429.0943436402933,-56.85344710390065,-0.05789556731558111,144.0
item_prophet,3,0.49301846451824044,869.0,910.2554348530766,475.8865722867762,41.25543485307668,0.04747460857661298,144.0
item_prophet,4,0.5710433183338731,962.0,923.0952342984324,456.099466118908,-38.904765701567705,-0.040441544388324015,144.0
item_prophet,5,0.6039947426084787,1024.0,914.919085476814,459.14055497310176,-109.08091452318618,-0.106524330589049,144.0
item_prophet,6,0.640012237345029,1010.0,980.9587873119486,403.4985952673592,-29.04121268805132,-0.028753675928763683,144.0
item_prophet,7,0.6428183362647002,963.0,1065.2569070417426,402.7131082641118,102.25690704174269,0.10618578093638908,144.0
item_prophet,8,0.6936296096191972,1050.0,974.929040268721,390.74894577246346,-75.070959731279,-0.07149615212502762,144.0
item_prophet,9,0.5893262146363667,1063.0,965.3755973692912,473.7098045499352,-97.62440263070872,-0.09183857255946257,144.0
item_prophet,10,0.5399444763115354,967.0,948.0766086409791,481.38259381092394,-18.923391359020883,-0.01956917410446834,144.0
item_prophet,11,0.5535326588698537,1059.0,959.3759175784993,509.08735170780585,-99.6240824215007,-0.09407373222049169,144.0
item_prophet,12,0.622289437962345,1100.0,949.3099307266172,465.33676142070533,-150.6900692733829,-0.13699097206671174,144.0
item_prophet,13,0.6147683383961456,998.0,1013.7495157147034,423.43459555675076,15.749515714703291,0.01578107787044418,144.0
item_prophet,14,0.6440694812091958,1054.0,1096.5572974006595,410.25720067833834,42.55729740065948,0.04037694250536952,144.0
item_prophet,15,0.677506686549243,1124.0,1004.5864463666827,422.41941894230894,-119.41355363331724,-0.10623981639974843,144.0
item_prophet,16,0.5776020651334909,1012.0,993.6125601552704,459.5307921156209,-18.38743984472962,-0.018169406961195275,144.0
item_prophet,17,0.5635843273430171,1088.0,975.1376561475033,506.3313387834694,-112.86234385249662,-0.10373377192325058,144.0
item_prophet,18,0.5526354458586219,1078.0,985.2315844125835,516.0457319020073,-92.7684155874164,-0.08605604414417106,144.0
item_prophet,19,0.6280838240638441,1101.0,974.1442411621161,471.82170368900125,-126.85575883788384,-0.11521867287727869,144.0
item_prophet,20,0.5798715000566947,1026.0,1037.841381736845,460.7644531971621,11.841381736844959,0.011541307735716334,144.0
item_prophet,21,0.672051313735856,1105.0,1119.9869628071028,398.5401195301371,14.986962807102941,0.01356286226887144,144.0
item_prophet,22,0.6691659077345847,1162.0,1027.1527414426498,440.40892420436086,-134.8472585573502,-0.11604755469651479,144.0
item_prophet,23,0.6247568781310155,1018.0,1015.4707036767373,414.92245344572007,-2.529296323262633,-0.002484573991417125,144.0
item_prophet,24,0.6160383281000864,1148.0,996.3613942980242,477.5054946919088,-151.6386057019758,-0.1320893777891775,144.0
item_prophet,25,0.5912412257702478,1107.0,1005.8596220685407,485.33867654894595,-101.14037793145935,-0.09136438837530203,144.0
item_prophet,26,0.6440164806365877,1202.0,994.1574035292207,463.7147294461648,-207.84259647077926,-0.1729139737693671,144.0
item_prophet,27,0.5668190840450037,1046.0,1057.3873342031704,477.60519152194456,11.387334203170415,0.010886552775497528,144.0
item_prophet,28,0.6288559610500275,1153.0,1139.0037890572887,463.3553435665949,-13.996210942711272,-0.012138951381362768,144.0
item_prophet_shape_0.30,1,0.675483080760735,1003.0,1032.6534591714455,394.6081306274839,29.65345917144559,0.029564764876815145,144.0
item_prophet_shape_0.30,2,0.5722626757373376,982.0,983.0950637728802,465.06118799084413,1.0950637728802084,0.001115136224928929,144.0
item_prophet_shape_0.30,3,0.5042198743215506,869.0,883.1261520423825,464.76559722410565,14.126152042382358,0.01625564101539972,144.0
item_prophet_shape_0.30,4,0.5821694250342968,962.0,911.0662558451313,449.25160851236626,-50.9337441548686,-0.0529456799946659,144.0
item_prophet_shape_0.30,5,0.5919806427213045,1024.0,983.394607947159,474.57250282884473,-40.605392052840976,-0.039653703176602516,144.0
item_prophet_shape_0.30,6,0.6109292808662178,1010.0,1054.0072426507104,433.5848096383035,44.00724265071043,0.04357152737694102,144.0
item_prophet_shape_0.30,7,0.6451097692610825,963.0,1041.7754811948664,398.75613581418514,78.7754811948663,0.08180216115770125,144.0
item_prophet_shape_0.30,8,0.7197909130549297,1050.0,1072.1947859275829,365.97376191754586,22.194785927582963,0.021137891359602822,144.0
item_prophet_shape_0.30,9,0.5651423237127521,1063.0,1016.4614766371928,500.32089973820825,-46.53852336280708,-0.04378036064233968,144.0
item_prophet_shape_0.30,10,0.5526741360950908,967.0,921.1842932807764,467.8985288146886,-45.815706719223655,-0.047379221012640804,144.0
item_prophet_shape_0.30,11,0.5592065358376247,1059.0,949.6975942623621,505.500750406174,-109.30240573763787,-0.10321284772203765,144.0
item_prophet_shape_0.30,12,0.6214646913944162,1100.0,1018.2958824640848,469.50730351584536,-81.70411753591522,-0.07427647048719566,144.0
item_prophet_shape_0.30,13,0.5739545004935251,998.0,1087.598112773453,464.9803336791814,89.59811277345301,0.08977766810967236,144.0
item_prophet_shape_0.30,14,0.6380492716936909,1054.0,1077.9773715887827,415.8862131840696,23.97737158878269,0.0227489294011221,144.0
item_prophet_shape_0.30,15,0.6836710349328297,1124.0,1108.1750252299319,416.60289106149673,-15.824974770068142,-0.01407915904810333,144.0
item_prophet_shape_0.30,16,0.5452194840410823,1012.0,1039.3648528389704,493.4814620897196,27.36485283897032,0.027040368417954864,144.0
item_prophet_shape_0.30,17,0.5559738760994337,1088.0,952.9231098335631,513.8011406965824,-135.0768901664369,-0.12415155346179862,144.0
item_prophet_shape_0.30,18,0.5599712962502086,1078.0,976.7131180192289,509.0041353776495,-101.28688198077113,-0.09395814654988045,144.0
item_prophet_shape_0.30,19,0.6303319646599388,1101.0,1048.7639326195795,471.02437112005833,-52.23606738042057,-0.04744420288866537,144.0
item_prophet_shape_0.30,20,0.5444903949136233,1026.0,1105.8266213804454,497.7145165754276,79.82662138044529,0.07780372454234434,144.0
item_prophet_shape_0.30,21,0.6757238803392144,1105.0,1104.925288223628,396.15928634863235,-0.07471177637197712,-6.761246730495667e-05,144.0
item_prophet_shape_0.30,22,0.6502029484779444,1162.0,1131.7826979373792,461.7406777413402,-30.217302062620895,-0.026004562876610064,144.0
item_prophet_shape_0.30,23,0.5696841778450839,1018.0,1075.6964323159805,472.7301132188532,57.69643231598056,0.05667625964241705,144.0
item_prophet_shape_0.30,24,0.6111173925917343,1148.0,969.1527429220889,480.28182012453215,-178.8472570779111,-0.1557902936218738,144.0
item_prophet_shape_0.30,25,0.6005961639502976,1107.0,1004.6711392719953,479.21564227138424,-102.3288607280046,-0.0924379952375832,144.0
item_prophet_shape_0.30,26,0.6264272098786856,1202.0,1078.2191370537348,488.43309654385837,-123.78086294626533,-0.10297908730970494,144.0
item_prophet_shape_0.30,27,0.5361746397423239,1046.0,1122.1363812763461,511.52527994633425,76.13638127634607,0.0727881274152448,144.0
item_prophet_shape_0.30,28,0.6467240836297421,1153.0,1131.1135311149046,443.59766404061435,-21.886468885095198,-0.01898219330884232,144.0
item_prophet_shape_0.45,1,0.6628382645388826,1003.0,1081.4626205289237,409.60371238251673,78.46262052892365,0.07822793671876735,144.0
item_prophet_shape_0.45,2,0.547285661549833,982.0,1013.5288896103775,489.71166299862557,31.52888961037752,0.032106812230527006,144.0
item_prophet_shape_0.45,3,0.5080009927111466,869.0,870.0239670293582,460.72606016591897,1.0239670293582321,0.001178327996959991,144.0
item_prophet_shape_0.45,4,0.58199535997464,962.0,905.365059459825,451.3022155740782,-56.634940540175,-0.05887207956359148,144.0
item_prophet_shape_0.45,5,0.5768367282978784,1024.0,1018.8134269654138,491.68492082448313,-5.186573034586161,-0.0050650127290880476,144.0
item_prophet_shape_0.45,6,0.5875915046778311,1010.0,1092.1288222266649,457.5224940502935,82.1288222266648,0.08131566557095524,144.0
item_prophet_shape_0.45,7,0.643493704321954,963.0,1031.1811220609075,399.43834083595857,68.18112206090734,0.0708007498036421,144.0
item_prophet_shape_0.45,8,0.7097834799376506,1050.0,1122.569513156051,377.8041935681698,72.56951315605114,0.06911382205338204,144.0
item_prophet_shape_0.45,9,0.5466061050187851,1063.0,1043.807386281278,520.5224221516734,-19.192613718721812,-0.01805513990472419,144.0
item_prophet_shape_0.45,10,0.5549696388949287,967.0,908.292781349563,465.0635179710902,-58.707218650436886,-0.06071067078638768,144.0
item_prophet_shape_0.45,11,0.5589198406284256,1059.0,945.196208590182,507.0492186193944,-113.80379140981793,-0.10746344797905376,144.0
item_prophet_shape_0.45,12,0.61490340252892,1100.0,1053.9621873320466,478.4181430976494,-46.03781266795349,-0.04185255697086681,144.0
item_prophet_shape_0.45,13,0.5382591868805363,998.0,1126.0157858188027,500.9970212523672,128.01578581880267,0.1282723304797622,144.0
item_prophet_shape_0.45,14,0.6299526609087361,1054.0,1069.95739596828,424.0802221191634,15.957395968280053,0.015139844372182213,144.0
item_prophet_shape_0.45,15,0.6733681687941775,1124.0,1161.9487627379162,428.64604230546905,37.94876273791612,0.033762244428751,144.0
item_prophet_shape_0.45,16,0.5223928212317871,1012.0,1064.2209421651987,517.1745642824533,52.22094216519869,0.051601721507113334,144.0
item_prophet_shape_0.45,17,0.5446475355054963,1088.0,942.4363741680332,525.7509142261902,-145.5636258319668,-0.13379009727202829,144.0
item_prophet_shape_0.45,18,0.5580706058982657,1078.0,972.7798062009301,511.5179002237128,-105.22019379906992,-0.09760685881175317,144.0
item_prophet_shape_0.45,19,0.6250663784669116,1101.0,1086.4836394017434,477.6455948048309,-14.516360598256695,-0.013184705357181376,144.0
item_prophet_shape_0.45,20,0.5180991751708266,1026.0,1141.2017390128944,525.0964801106455,115.20173901289448,0.11228239669872757,144.0
item_prophet_shape_0.45,21,0.6669340483994934,1105.0,1098.508282800628,406.6667522571831,-6.491717199372111,-0.005874857194001911,144.0
item_prophet_shape_0.45,22,0.6260618627183894,1162.0,1185.6691735372679,489.3744950735342,23.66917353726758,0.02036934039351771,144.0
item_prophet_shape_0.45,23,0.5282681878223093,1018.0,1106.4023311467126,515.6014506417966,88.4023311467127,0.08683922509500265,144.0
item_prophet_shape_0.45,24,0.6020189990106056,1148.0,958.504647324655,489.4202297589479,-189.49535267534492,-0.16506563821894157,144.0
item_prophet_shape_0.45,25,0.5943977578141694,1107.0,1002.6416173950679,488.1497124072367,-104.35838260493207,-0.09427134833327197,144.0
item_prophet_shape_0.45,26,0.6073323888118347,1202.0,1122.4339489978693,513.3878113838082,-79.56605100213059,-0.06619471797182246,144.0
item_prophet_shape_0.45,27,0.5167080563186285,1046.0,1151.4790899928018,532.6723117569309,105.47908999280175,0.10084043020344335,144.0
item_prophet_shape_0.45,28,0.6462309396658935,1153.0,1126.5523582802425,444.52041542800634,-26.447641719757442,-0.022938110771689023,144.0
item_prophet_shape_0.60,1,0.6449236509266647,1003.0,1121.731048980369,428.7696509145611,118.73104898036897,0.1183759212167188,144.0
item_prophet_shape_0.60,2,0.5237482102748213,982.0,1040.7611018311886,512.862097379319,58.76110183118872,0.059838189237463056,144.0
item_prophet_shape_0.60,3,0.5117702226586418,869.0,854.7185179202718,456.6748490928294,-14.281482079728278,-0.016434386743070514,144.0
item_prophet_shape_0.60,4,0.5811628640735296,962.0,898.8349201152041,453.25952439502,-63.16507988479576,-0.06566016620041139,144.0
item_prophet_shape_0.60,5,0.5588037501725334,1024.0,1053.097650562586,511.8029638546699,29.097650562586168,0.028415674377525554,144.0
item_prophet_shape_0.60,6,0.5595596741522016,1010.0,1130.8659699955645,486.2251990434703,120.86596999556431,0.119669277223331,144.0
item_prophet_shape_0.60,7,0.6301384298364414,963.0,1021.4160215611636,411.46144927281034,58.41602156116341,0.06066045852664944,144.0
item_prophet_shape_0.60,8,0.6921427486285167,1050.0,1167.450636136879,397.541016183061,117.45063613687897,0.1118577487017895,144.0
item_prophet_shape_0.60,9,0.5255298231714163,1063.0,1071.2712358971462,543.3289646689739,8.271235897146262,0.0077810309474565026,144.0
item_prophet_shape_0.60,10,0.5553469785411712,967.0,893.7343125220102,463.8206319667323,-73.26568747798974,-0.07576596429988598,144.0
item_prophet_shape_0.60,11,0.5556669746724342,1059.0,940.4661380496077,511.729475502355,-118.53386195039225,-0.11192999239885953,144.0
item_prophet_shape_0.60,12,0.607475470913475,1100.0,1089.399031834962,488.3234639674297,-10.600968165038143,-0.009637243786398311,144.0
item_prophet_shape_0.60,13,0.4996363847657812,998.0,1164.3575514367471,539.7754852834863,166.35755143674726,0.16669093330335397,144.0
item_prophet_shape_0.60,14,0.621065076695849,1054.0,1062.6317567281926,433.1201339336694,8.631756728192551,0.008189522512516652,144.0
item_prophet_shape_0.60,15,0.6594831939926394,1124.0,1204.7858379023423,444.0918753555884,80.78583790234255,0.07187352126542931,144.0
item_prophet_shape_0.60,16,0.49822491246737755,1012.0,1089.0770969931018,542.2135820610661,77.07709699310176,0.0761631393212468,144.0
item_prophet_shape_0.60,17,0.528762970778131,1088.0,930.574815013839,542.2843181453242,-157.42518498616096,-0.1446922656122803,144.0
item_prophet_shape_0.60,18,0.5554354175754385,1078.0,967.7515434894862,514.5234562843976,-110.24845651051372,-0.10227129546429845,144.0
item_prophet_shape_0.60,19,0.6288574083151898,1101.0,1110.1504321610696,472.5409801548742,9.150432161069503,0.00831101921986331,144.0
item_prophet_shape_0.60,20,0.4882417409404877,1026.0,1176.0689709080148,555.7534482987043,150.0689709080147,0.14626605351658353,144.0
item_prophet_shape_0.60,21,0.6543616622838918,1105.0,1092.7928440825053,421.3246239684528,-12.207155917494664,-0.011047199925334537,144.0
item_prophet_shape_0.60,22,0.605096191169932,1162.0,1225.096200314915,512.9527179718185,63.09620031491501,0.05429965603693202,144.0
item_prophet_shape_0.60,23,0.49259712053002946,1018.0,1123.802678891048,551.9252657474423,105.8026788910478,0.10393190460810196,144.0
item_prophet_shape_0.60,24,0.59147215478399,1148.0,943.9803499077975,500.1106123879418,-204.01965009220237,-0.17771746523711007,144.0
item_prophet_shape_0.60,25,0.581003747807928,1107.0,994.9198968986294,503.54274686972974,-112.08010310137057,-0.10124670560196077,144.0
item_prophet_shape_0.60,26,0.5880324571104882,1202.0,1159.880373676292,537.6399224535254,-42.11962632370815,-0.0350412864589918,144.0
item_prophet_shape_0.60,27,0.4964501571991242,1046.0,1179.03646583496,554.2685314459467,133.03646583495978,0.12718591380015276,144.0
item_prophet_shape_0.60,28,0.6411401169947633,1153.0,1119.0594898915006,450.30204397200475,-33.94051010849958,-0.029436695670858267,144.0
