model,item_id,score,actual_sum,forecast_sum,abs_error_sum,signed_error_sum,bias_ratio,n_rows
bottomup_mix,Item_0,0.518132014176019,5079.0,3247.5975,2471.6075,-1831.4025000000001,-0.3605832841110455,504.0
bottomup_mix,Item_1,0.6761999218291967,10234.0,10200.825,3313.77,-33.17500000000001,-0.0032416454954074664,336.0
bottomup_mix,Item_10,0.3180036555645816,1231.0,1332.2775000000001,1275.0075000000002,101.27750000000003,0.08227254264825348,504.0
bottomup_mix,Item_11,0.16011538461538463,130.0,103.39750000000001,188.9675,-26.6025,-0.2046346153846154,336.0
bottomup_mix,Item_2,0.3820766008378217,1671.0,1034.84,1095.395,-636.1600000000001,-0.3807061639736685,504.0
bottomup_mix,Item_3,0.616751730959446,5055.0,3428.865,1937.32,-1626.135,-0.32168842729970326,336.0
bottomup_mix,Item_4,0.32318998716302955,779.0,605.7125,691.1875,-173.2875,-0.2224486521181001,336.0
bottomup_mix,Item_5,0.5316149237472767,2754.0,3145.7475000000004,1289.9325,391.74750000000006,0.14224673202614382,168.0
bottomup_mix,Item_6,0.4501687051876845,2371.0,1487.2174999999997,1333.7175,-883.7825,-0.3727467313369886,336.0
bottomup_mix,Item_7,0.35843499197431783,623.0,450.9375,484.4125,-172.0625,-0.27618378812199035,168.0
bottomup_mix,Item_8,0.28849914236706686,583.0,448.5275,618.5125,-134.4725,-0.23065608919382505,336.0
bottomup_mix,Item_9,0.25637978142076506,183.0,136.43,193.765,-46.57,-0.2544808743169399,168.0
cate2_mix,Item_0,0.5320312894320602,5079.0,3170.8965103803457,2402.674981533553,-1908.1034896196543,-0.37568487686939445,504.0
cate2_mix,Item_1,0.7020179332406378,10234.0,10182.718976606244,3049.548471215313,-51.28102339375749,-0.00501084848483071,336.0
cate2_mix,Item_10,0.4007082216033448,1231.0,1337.4712000486606,1165.428768497012,106.47120004866055,0.08649163285837574,504.0
cate2_mix,Item_11,0.2160932700556858,130.0,115.69857632252227,189.51432610804397,-14.301423677477729,-0.1100109513652133,336.0
cate2_mix,Item_2,0.439548578711416,1671.0,1017.7227803589417,1005.3275029893796,-653.2772196410583,-0.39094986214306304,504.0
cate2_mix,Item_3,0.6300751072606902,5055.0,3498.9482157801585,1869.970332797211,-1556.0517842198417,-0.3078242896577333,336.0
cate2_mix,Item_4,0.4013129169325654,779.0,603.1602942714709,620.454907272937,-175.8397057285291,-0.22572491107641734,336.0
cate2_mix,Item_5,0.5705630479558247,2754.0,3158.659823345097,1182.669365929659,404.6598233450967,0.14693530259444323,168.0
cate2_mix,Item_6,0.5048202580159251,2371.0,1511.3134305581823,1198.9548172233367,-859.6865694418177,-0.3625839601188603,336.0
cate2_mix,Item_7,0.49317159419777745,623.0,450.5765629223717,386.93734609040376,-172.4234370776283,-0.27676314137661046,168.0
cate2_mix,Item_8,0.3013625329647213,583.0,448.52750000000003,619.2151302774762,-134.4725,-0.23065608919382505,336.0
cate2_mix,Item_9,0.32776526259651667,183.0,126.68112940600682,182.95121027504382,-56.318870593993175,-0.3077533912240064,168.0
cate2_prophet,Item_0,0.5277218314984219,5079.0,3765.102880123992,2431.4349571956136,-1313.8971198760084,-0.25869208896948387,504.0
cate2_prophet,Item_1,0.7368315909793768,10234.0,10128.442619410582,2693.265497917058,-105.55738058941841,-0.010314381531113779,336.0
cate2_prophet,Item_10,0.41530949580712906,1231.0,1329.801559878602,1125.0435452187376,98.80155987860184,0.0802612184229097,504.0
cate2_prophet,Item_11,0.23094312531633365,130.0,121.94527125695322,191.90005867470646,-8.054728743046798,-0.06195945186959075,336.0
cate2_prophet,Item_2,0.4147213563288022,1671.0,1197.9868366394637,1062.5577447781898,-473.01316336053617,-0.28307191104759793,504.0
cate2_prophet,Item_3,0.6086381477345593,5055.0,4155.929621793451,1978.3341632018028,-899.0703782065491,-0.17785764158388706,336.0
cate2_prophet,Item_4,0.4339528029075689,779.0,627.7518443823342,573.4941775776593,-151.24815561766576,-0.1941568108057327,336.0
cate2_prophet,Item_5,0.6106744896109444,2754.0,3155.7799373005746,1072.2024556114584,401.7799373005747,0.14588959233862553,168.0
cate2_prophet,Item_6,0.4886287172474115,2371.0,1783.6098918930275,1241.6198629175674,-587.3901081069727,-0.2477393960805452,336.0
cate2_prophet,Item_7,0.4270972395520919,623.0,537.5314255711746,440.1308241874689,-85.46857442882546,-0.13718872299971985,168.0
cate2_prophet,Item_8,0.29384307623722133,583.0,343.7545195719766,572.3499132427338,-239.24548042802346,-0.4103696062230248,336.0
cate2_prophet,Item_9,0.3516156367161411,183.0,131.68748886141938,178.9256114353766,-51.31251113858062,-0.2803962357299487,168.0
ensemble,Item_0,0.5590067335876924,5079.0,3829.6181308591163,2271.216865242908,-1249.3818691408842,-0.24598973599938653,504.0
ensemble,Item_1,0.7271148581380117,10234.0,10553.930405768831,2792.706541815589,319.9304057688309,0.03126152098581502,336.0
ensemble,Item_10,0.4142751639272835,1231.0,1397.0100851632528,1154.7672640411865,166.01008516325277,0.13485790833732964,504.0
ensemble,Item_11,0.27027399695048393,130.0,150.29681855784378,210.02557935071798,20.296818557843775,0.1561293735218752,336.0
ensemble,Item_2,0.48603259222172795,1671.0,1353.2645017453124,958.5085213262355,-317.73549825468785,-0.1901469169686941,504.0
ensemble,Item_3,0.7137681799420772,5055.0,4291.15027414068,1446.9018503928003,-763.8497258593194,-0.15110775981391086,336.0
ensemble,Item_4,0.38934387155436406,779.0,511.39354932563134,591.2771324654816,-267.60645067436866,-0.3435256106217826,336.0
ensemble,Item_5,0.6422680231878558,2754.0,2697.222098246636,985.1938641406448,-56.77790175336412,-0.020616522060045068,168.0
ensemble,Item_6,0.5570111296481726,2371.0,1757.4169015300795,1081.026905583505,-613.5830984699206,-0.2587866294685452,336.0
ensemble,Item_7,0.5112607919878324,623.0,484.1946472754301,377.34763054966265,-138.80535272456993,-0.22280152925292124,168.0
ensemble,Item_8,0.31112505321255574,583.0,375.1864137003837,577.6492387581764,-207.81358629961636,-0.35645555111426475,336.0
ensemble,Item_9,0.37170794921110795,183.0,138.60482600166281,178.3782649098858,-44.39517399833718,-0.2425965792258862,168.0
ensemble_bias_global,Item_0,0.5634318022284741,5079.0,4354.727940188977,2253.049103053878,-724.2720598110234,-0.14260131124454092,504.0
ensemble_bias_global,Item_1,0.6803831231288431,10234.0,12001.064870272381,3270.9591178994197,1767.064870272381,0.17266610028067042,336.0
ensemble_bias_global,Item_10,0.4082006472057382,1231.0,1588.5653980913855,1221.7185802908682,357.5653980913854,0.2904674233073805,504.0
ensemble_bias_global,Item_11,0.3059584038321885,130.0,170.9052267695756,221.1772866645992,40.905226769575606,0.314655590535197,336.0
ensemble_bias_global,Item_2,0.4813552028186206,1671.0,1538.8215051337766,979.9908566180345,-132.17849486622333,-0.07910143319343108,504.0
ensemble_bias_global,Item_3,0.7378000332165288,5055.0,4879.5444756675815,1325.4208320904474,-175.4555243324182,-0.034709302538559486,336.0
ensemble_bias_global,Item_4,0.4074487346154219,779.0,581.5148407972332,593.0210022168294,-197.4851592027668,-0.25351111579302543,336.0
ensemble_bias_global,Item_5,0.6161664133748723,2754.0,3067.059960230239,1057.0776975656017,313.0599602302392,0.11367464060647756,168.0
ensemble_bias_global,Item_6,0.5824360697682516,2371.0,1998.3904979937329,1024.9539373161685,-372.60950200626723,-0.1571528899225083,336.0
ensemble_bias_global,Item_7,0.5260972180145786,623.0,550.5864780589088,378.0953846083552,-72.41352194109122,-0.11623358256996985,168.0
ensemble_bias_global,Item_8,0.3365459196297375,583.0,426.6312469525089,586.9664712126788,-156.3687530474911,-0.2682139846440671,336.0
ensemble_bias_global,Item_9,0.40453081197702073,183.0,157.6100508744634,181.0650784231645,-25.389949125536596,-0.13874289139637483,168.0
ensemble_bias_horizon,Item_0,0.562805769584166,5079.0,4367.086717956559,2254.782467986425,-711.913282043441,-0.14016800197744458,504.0
ensemble_bias_horizon,Item_1,0.6793290298363689,10234.0,11979.836021068113,3281.7467086546003,1745.8360210681121,0.17059175503890092,336.0
ensemble_bias_horizon,Item_10,0.4075606940048517,1231.0,1585.8523451017022,1221.9371602885626,354.85234510170244,0.28826348099244714,504.0
ensemble_bias_horizon,Item_11,0.3088238599493067,130.0,171.21660601161523,220.82268801986703,41.21660601161524,0.3170508154739634,336.0
ensemble_bias_horizon,Item_2,0.48202264918713217,1671.0,1542.5302289357774,977.7935083330865,-128.4697710642228,-0.07688196951778745,504.0
ensemble_bias_horizon,Item_3,0.7398821594175431,5055.0,4891.826544779441,1314.8956841443196,-163.1734552205585,-0.032279615276074876,336.0
ensemble_bias_horizon,Item_4,0.4069796929368194,779.0,583.1261338787232,593.7775445986014,-195.87386612127682,-0.2514427036216647,336.0
ensemble_bias_horizon,Item_5,0.6136869200195335,2754.0,3059.956755526765,1063.9062222662046,305.9567555267647,0.11109540868800462,168.0
ensemble_bias_horizon,Item_6,0.5829688708997551,2371.0,2004.8706954578756,1024.066527719029,-366.1293045421245,-0.15441978259895592,336.0
ensemble_bias_horizon,Item_7,0.5263940413041106,623.0,551.3126436266537,377.0663744060103,-71.68735637334638,-0.11506798775818038,168.0
ensemble_bias_horizon,Item_8,0.3384390157851426,583.0,426.91812525313117,585.8633526425211,-156.08187474686883,-0.2677219120872536,336.0
ensemble_bias_horizon,Item_9,0.40375323919221756,183.0,157.87408193592205,181.1998659074928,-25.125918064077958,-0.1373000987108085,168.0
ensemble_bias_item,Item_0,0.526906973394312,5079.0,5169.984476659807,2445.2457700622663,90.98447665980655,0.017913856400828224,504.0
ensemble_bias_item,Item_1,0.733545513518133,10234.0,10118.91325845919,2726.895214655427,-115.08674154080934,-0.011245528780614553,336.0
ensemble_bias_item,Item_10,0.4126009404115643,1231.0,1306.93452750524,1128.861812639869,75.93452750524025,0.061685237615954715,504.0
ensemble_bias_item,Item_11,0.20270549771286292,130.0,112.72261391838282,190.01918451303845,-17.277386081617166,-0.1329029698585936,336.0
ensemble_bias_item,Item_2,0.48331688425812563,1671.0,1501.3626149189236,973.9540105381409,-169.63738508107633,-0.10151848299286435,504.0
ensemble_bias_item,Item_3,0.7377378228388768,5055.0,5179.7681905905265,1325.7353055494782,124.76819059052622,0.024682134637097175,336.0
ensemble_bias_item,Item_4,0.42294412836610945,779.0,690.3812915896024,605.5541353513478,-88.61870841039763,-0.11375957433940646,336.0
ensemble_bias_item,Item_5,0.6391940841964763,2754.0,2802.3585669387753,993.6594921229041,48.35856693877527,0.01755939249773975,168.0
ensemble_bias_item,Item_6,0.5885615807417612,2371.0,2372.512817065607,1016.9658889333687,1.5128170656073259,0.0006380502174640767,336.0
ensemble_bias_item,Item_7,0.5255151023287267,623.0,627.9501028340774,390.09995955495276,4.950102834077448,0.007945590423880334,168.0
ensemble_bias_item,Item_8,0.3688311845200945,583.0,506.501658495518,605.618864879265,-76.49834150448204,-0.13121499400425737,336.0
ensemble_bias_item,Item_9,0.44403099269340934,183.0,187.11651510224482,187.33343481805613,4.116515102244833,0.022494618045053733,168.0
ensemble_residual_beta_0.3,Item_0,0.5614949074922,5079.0,3876.7476989413326,2259.557216148967,-1202.2523010586676,-0.23671043533346478,504.0
ensemble_residual_beta_0.3,Item_1,0.721483477314258,10234.0,10683.216066675312,2850.338093165884,449.2160666753119,0.0438944759307516,336.0
ensemble_residual_beta_0.3,Item_10,0.4145715135958967,1231.0,1414.5049822825686,1160.8138091795845,183.5049822825686,0.1490698475081792,504.0
ensemble_residual_beta_0.3,Item_11,0.27180600200822,130.0,152.19926650507787,211.52970598294067,22.199266505077873,0.17076358850059903,336.0
ensemble_residual_beta_0.3,Item_2,0.48671184187239147,1671.0,1368.2436680214082,959.3325940402059,-302.75633197859173,-0.18118272410448338,504.0
ensemble_residual_beta_0.3,Item_3,0.7162430896468533,5055.0,4337.625688646291,1434.3911818351562,-717.3743113537091,-0.14191381035681683,336.0
ensemble_residual_beta_0.3,Item_4,0.38887302671002805,779.0,516.5048106276843,592.8257469688998,-262.4951893723157,-0.3369642995793526,336.0
ensemble_residual_beta_0.3,Item_5,0.633836481541346,2754.0,2731.8691440173707,1008.4143298351332,-22.130855982629328,-0.008035895418529167,168.0
ensemble_residual_beta_0.3,Item_6,0.5585394021542416,2371.0,1776.222781357962,1078.009432319181,-594.777218642038,-0.25085500575370645,336.0
ensemble_residual_beta_0.3,Item_7,0.514476197488162,623.0,489.4796926756302,375.90590656332773,-133.52030732436975,-0.21431831031198997,168.0
ensemble_residual_beta_0.3,Item_8,0.3127511220689409,583.0,379.1896252699546,578.9498281301977,-203.81037473004534,-0.3495889789537656,336.0
ensemble_residual_beta_0.3,Item_9,0.37380545498672985,183.0,140.0180728931131,178.65706646376503,-42.9819271068869,-0.2348739186168683,168.0
ensemble_residual_beta_0.5,Item_0,0.5622830782977516,5079.0,3908.1674109961436,2256.2059540722707,-1170.8325890038566,-0.23052423488951695,504.0
ensemble_residual_beta_0.5,Item_1,0.7164970950520179,10234.0,10769.406507279631,2901.36872923765,535.4065072796323,0.05231644589404263,336.0
ensemble_residual_beta_0.5,Item_10,0.4138401443870129,1231.0,1426.1682470287792,1165.9883590626946,195.16824702877912,0.1585444736220789,504.0
ensemble_residual_beta_0.5,Item_11,0.2728273387133775,130.0,153.4675651365673,212.53245707108914,23.467565136567266,0.1805197318197482,336.0
ensemble_residual_beta_0.5,Item_2,0.48638030992454134,1671.0,1378.2297788721391,961.192649845216,-292.77022112786096,-0.1752065955283429,504.0
ensemble_residual_beta_0.5,Item_3,0.7169851323001674,5055.0,4368.609298316698,1430.640156222654,-686.3907016833023,-0.13578451071875416,336.0
ensemble_residual_beta_0.5,Item_4,0.3884254292452506,779.0,519.9123181623863,593.962309640415,-259.0876818376137,-0.33259009221773256,336.0
ensemble_residual_beta_0.5,Item_5,0.6271296406144522,2754.0,2754.967174531194,1026.8849697477988,0.9671745311938054,0.0003511890091480775,168.0
ensemble_residual_beta_0.5,Item_6,0.559289986199908,2371.0,1788.7600345765504,1076.6338381119494,-582.2399654234496,-0.24556725661048062,336.0
ensemble_residual_beta_0.5,Item_7,0.5156698583176499,623.0,493.0030562757637,375.5365716268036,-129.99694372423633,-0.20866283101803584,168.0
ensemble_residual_beta_0.5,Item_8,0.31375153369612346,583.0,381.858432983002,579.8656464950795,-201.14156701699795,-0.3450112641800994,336.0
ensemble_residual_beta_0.5,Item_9,0.3748707858693167,183.0,140.96023748741328,178.90387431946363,-42.03976251258672,-0.2297254782108564,168.0
ensemble_residual_beta_0.7,Item_0,0.5625131675464542,5079.0,3939.5871230509547,2255.6891882228133,-1139.4128769490455,-0.22433803444556913,504.0
ensemble_residual_beta_0.7,Item_1,0.7106091397490859,10234.0,10855.596947883952,2961.6260638078547,621.5969478839529,0.06073841585733368,336.0
ensemble_residual_beta_0.7,Item_10,0.41293235616217655,1231.0,1437.8315117749898,1171.3800807544421,206.8315117749897,0.16801909973597864,504.0
ensemble_residual_beta_0.7,Item_11,0.27384867541853486,130.0,154.73586376805667,213.5352081592376,24.735863768056674,0.1902758751388975,336.0
ensemble_residual_beta_0.7,Item_2,0.4857042393081939,1671.0,1388.2158897228699,963.6284297652851,-282.78411027713014,-0.16923046695220237,504.0
ensemble_residual_beta_0.7,Item_3,0.7169744215857966,5055.0,4399.592907987105,1430.6942988837982,-655.4070920128952,-0.12965521108069145,336.0
ensemble_residual_beta_0.7,Item_4,0.38779219741810755,779.0,523.3198256970884,595.243481480213,-255.68017430291172,-0.3282158848561126,336.0
ensemble_residual_beta_0.7,Item_5,0.6198743073905038,2754.0,2778.065205045017,1046.8661574465532,24.06520504501694,0.008738273436825322,168.0
ensemble_residual_beta_0.7,Item_6,0.5597649497596114,2371.0,1801.2972877951388,1075.911740076937,-569.7027122048612,-0.24027950746725482,336.0
ensemble_residual_beta_0.7,Item_7,0.5165937172835339,623.0,496.5264198758971,375.3353232513049,-126.47358012410297,-0.2030073517240818,168.0
ensemble_residual_beta_0.7,Item_8,0.31467439506714495,583.0,384.5272406960494,580.8266766593033,-198.47275930395062,-0.34043354940643333,336.0
ensemble_residual_beta_0.7,Item_9,0.3758569194948958,183.0,141.90240208171346,179.16517527319468,-41.09759791828653,-0.22457703780484445,168.0
ensemble_residual_beta_0.9,Item_0,0.5627472952914145,5079.0,3968.710729017372,2255.151910850862,-1110.2892709826276,-0.21860391238090718,504.0
ensemble_residual_beta_0.9,Item_1,0.704158528724572,10234.0,10937.119403850955,3027.641617032731,703.1194038509552,0.06870426068506501,336.0
ensemble_residual_beta_0.9,Item_10,0.4117987975534204,1231.0,1448.8618845347266,1176.7116763408371,217.8618845347267,0.17697959750993233,504.0
ensemble_residual_beta_0.9,Item_11,0.2747044906550604,130.0,155.9405688557377,214.51740128542198,25.940568855737688,0.19954283735182837,336.0
ensemble_residual_beta_0.9,Item_2,0.4848067122520936,1671.0,1397.5773837521776,966.2747507493509,-273.42261624782225,-0.1636281365935501,504.0
ensemble_residual_beta_0.9,Item_3,0.7166687795050931,5055.0,4428.391828117975,1432.2393196017545,-626.6081718820251,-0.12395809532779922,336.0
ensemble_residual_beta_0.9,Item_4,0.3867197170140842,779.0,526.4845417753816,596.8150815898947,-252.51545822461847,-0.32415334817024194,336.0
ensemble_residual_beta_0.9,Item_5,0.6126372878414651,2754.0,2799.952595895319,1066.7969092846051,45.95259589531926,0.01668576466787192,168.0
ensemble_residual_beta_0.9,Item_6,0.5601605597279542,2371.0,1812.9222618427061,1075.37778940704,-558.0777381572937,-0.2353765238959484,336.0
ensemble_residual_beta_0.9,Item_7,0.5174637775120985,623.0,499.80690012300755,375.16759148915594,-123.19309987699245,-0.19774173334990763,168.0
ensemble_residual_beta_0.9,Item_8,0.31552978659308617,583.0,386.9735971485901,581.6443574959976,-196.0264028514099,-0.33623739768680944,336.0
ensemble_residual_beta_0.9,Item_9,0.37695150760158,183.0,142.766828967545,179.34873851845705,-40.23317103245501,-0.21985339361997275,168.0
ensemble_shape_0.30_level_light,Item_0,0.5626148513512089,5079.0,4134.506894886743,2254.4316371535915,-944.4931051132567,-0.18596044597622693,504.0
ensemble_shape_0.30_level_light,Item_1,0.6996269080650381,10234.0,10993.424885616118,3074.0182228624,759.4248856161182,0.0742060666030993,336.0
ensemble_shape_0.30_level_light,Item_10,0.4100622677222717,1231.0,1465.5243315459415,1184.857279783595,234.52433154594152,0.19051529776274698,504.0
ensemble_shape_0.30_level_light,Item_11,0.2649980506866284,130.0,146.91846958442298,208.0189764058996,16.918469584422976,0.13014207372633058,336.0
ensemble_shape_0.30_level_light,Item_2,0.48883669884885017,1671.0,1435.5667494041486,957.2120392516877,-235.43325059585123,-0.14089362692749924,504.0
ensemble_shape_0.30_level_light,Item_3,0.7189167803133742,5055.0,4527.666528687007,1420.8756755158934,-527.333471312994,-0.10431918324688308,336.0
ensemble_shape_0.30_level_light,Item_4,0.39119771966811806,779.0,547.0714574747931,604.4381898705362,-231.9285425252069,-0.29772598526984195,336.0
ensemble_shape_0.30_level_light,Item_5,0.6087668450060705,2754.0,2852.139100455507,1077.456108853282,98.13910045550718,0.03563511272894233,168.0
ensemble_shape_0.30_level_light,Item_6,0.5546035434879809,2371.0,1856.492850417042,1092.146569657917,-514.5071495829579,-0.2170000630885525,336.0
ensemble_shape_0.30_level_light,Item_7,0.49395302703771676,623.0,514.4934999757495,395.4762854821814,-108.50650002425054,-0.17416773679654982,168.0
ensemble_shape_0.30_level_light,Item_8,0.32211844932997596,583.0,410.0708909487837,586.4809527109413,-172.92910905121627,-0.29661939802953047,336.0
ensemble_shape_0.30_level_light,Item_9,0.38146466754221386,183.0,149.49030397354278,180.21396638901592,-33.50969602645724,-0.18311309304074996,168.0
ensemble_shape_0.30_level_medium,Item_0,0.5647406806784481,5079.0,4146.108001479068,2243.6345500005436,-932.8919985209325,-0.1836763139438733,504.0
ensemble_shape_0.30_level_medium,Item_1,0.6974814526746248,10234.0,11050.727988567018,3095.974813327889,816.727988567018,0.07980535358286281,336.0
ensemble_shape_0.30_level_medium,Item_10,0.4088950462360119,1231.0,1479.6710525565443,1190.5481566125482,248.67105255654428,0.20200735382335036,504.0
ensemble_shape_0.30_level_medium,Item_11,0.2715130593062688,130.0,149.37736578977388,208.783970370144,19.37736578977388,0.14905665992133754,336.0
ensemble_shape_0.30_level_medium,Item_2,0.49000058250067985,1671.0,1440.9469410570546,955.2541969284055,-230.05305894294565,-0.1376738832692673,504.0
ensemble_shape_0.30_level_medium,Item_3,0.7188871168607625,5055.0,4527.573614632655,1421.025624268846,-527.4263853673448,-0.10433756387088917,336.0
ensemble_shape_0.30_level_medium,Item_4,0.3925837514434742,779.0,554.5463750792271,605.8373442637724,-224.45362492077285,-0.2881304556107482,336.0
ensemble_shape_0.30_level_medium,Item_5,0.603129036601338,2754.0,2889.162120958614,1092.9826331999152,135.16212095861408,0.04907847529361441,168.0
ensemble_shape_0.30_level_medium,Item_6,0.5546311629318098,2371.0,1856.855597578553,1092.0810839565988,-514.1444024214471,-0.2168470697686407,336.0
ensemble_shape_0.30_level_medium,Item_7,0.4921636953336369,623.0,516.3401068073406,397.0200997939256,-106.65989319265941,-0.17120368088709376,168.0
ensemble_shape_0.30_level_medium,Item_8,0.3251172895391595,583.0,416.93772663807675,588.0927742717565,-166.06227336192325,-0.2848409491628186,336.0
ensemble_shape_0.30_level_medium,Item_9,0.38304685838527586,183.0,151.937666784954,181.0381396516361,-31.06233321504603,-0.16973952576527887,168.0
ensemble_shape_0.30_level_off,Item_0,0.5597127088589054,5079.0,4118.364480924531,2269.1716188720006,-960.6355190754691,-0.1891387121629197,504.0
ensemble_shape_0.30_level_off,Item_1,0.7031271635338328,10234.0,10891.82043464343,3038.196608394756,657.82043464343,0.06427793967592632,336.0
ensemble_shape_0.30_level_off,Item_10,0.4107703732099374,1231.0,1443.2968006348392,1177.2222998370626,212.2968006348393,0.1724588144880904,504.0
ensemble_shape_0.30_level_off,Item_11,0.25597526570034806,130.0,143.4977307528482,206.9441616707577,13.497730752848199,0.1038286980988323,336.0
ensemble_shape_0.30_level_off,Item_2,0.48676749357720334,1671.0,1428.1025219420508,960.6696812606094,-242.897478057949,-0.145360549406313,504.0
ensemble_shape_0.30_level_off,Item_3,0.71891824069825,5055.0,4527.579580811085,1420.868293270346,-527.4204191889146,-0.10433638361798508,336.0
ensemble_shape_0.30_level_off,Item_4,0.38625227473888385,779.0,535.5187909521995,604.4382924796275,-243.48120904780046,-0.31255610917561033,336.0
ensemble_shape_0.30_level_off,Item_5,0.6148873792247274,2754.0,2794.9840782903507,1060.6001576151007,40.98407829035075,0.014881655152632808,168.0
ensemble_shape_0.30_level_off,Item_6,0.5545686711354865,2371.0,1855.9097083300535,1092.2292520056815,-515.0902916699464,-0.2172460108266328,336.0
ensemble_shape_0.30_level_off,Item_7,0.49645303810554675,623.0,511.9255588735947,393.3253337599899,-111.07444112640533,-0.17828963262665382,168.0
ensemble_shape_0.30_level_off,Item_8,0.31698203294788047,583.0,398.34401612112663,583.6733494563057,-184.6559838788734,-0.3167341061387194,336.0
ensemble_shape_0.30_level_off,Item_9,0.378441300562057,183.0,145.9159886358349,179.13092341851956,-37.08401136416509,-0.2026448708424322,168.0
ensemble_shape_0.30_level_strong,Item_0,0.5665625880705264,5079.0,4154.2031495525225,2234.381082356178,-924.7968504474775,-0.1820824671091706,504.0
ensemble_shape_0.30_level_strong,Item_1,0.6961726512111901,10234.0,11088.017432214496,3109.36908750468,854.0174322144943,0.08344903578410146,336.0
ensemble_shape_0.30_level_strong,Item_10,0.40762452930103815,1231.0,1489.4406008043973,1195.0492346330648,258.4406008043975,0.2099436237241247,504.0
ensemble_shape_0.30_level_strong,Item_11,0.2756503256374903,130.0,151.24061513919713,209.4755808361121,21.240615139197143,0.16338934722459342,336.0
ensemble_shape_0.30_level_strong,Item_2,0.4906030085026402,1671.0,1444.843001583566,954.2258524554741,-226.1569984164338,-0.1353423090463398,504.0
ensemble_shape_0.30_level_strong,Item_3,0.7189422011407338,5055.0,4526.643794833635,1420.7471732335907,-528.3562051663655,-0.10452150448394966,336.0
ensemble_shape_0.30_level_strong,Item_4,0.39361442458015583,779.0,559.8409502750545,606.7533613659139,-219.15904972494548,-0.28133382506411486,336.0
ensemble_shape_0.30_level_strong,Item_5,0.5982544842702968,2754.0,2915.3560790771016,1106.4071503196033,161.35607907710192,0.058589716440487265,168.0
ensemble_shape_0.30_level_strong,Item_6,0.5546831911098205,2371.0,1856.727143015018,1091.9577251465355,-514.2728569849817,-0.21690124714676579,336.0
ensemble_shape_0.30_level_strong,Item_7,0.4906806930356536,623.0,517.682047896333,398.27612899483466,-105.31795210366698,-0.1690496823493852,168.0
ensemble_shape_0.30_level_strong,Item_8,0.3273302706404619,583.0,421.4247047587249,588.9850008919384,-161.57529524127511,-0.27714458875004305,336.0
ensemble_shape_0.30_level_strong,Item_9,0.3838535020139519,183.0,153.78077633821417,181.72472961351644,-29.219223661785843,-0.15966788886221772,168.0
ensemble_shape_0.45_level_light,Item_0,0.5545567599958799,5079.0,4268.198190775934,2296.140514589233,-810.8018092240668,-0.15963808017800094,504.0
ensemble_shape_0.45_level_light,Item_1,0.6824934816010918,10234.0,11168.722445661184,3249.361709294426,934.7224456611852,0.09133500543884945,336.0
ensemble_shape_0.45_level_light,Item_10,0.4044691455189115,1231.0,1487.2336631720973,1200.0280548050164,256.2336631720972,0.20815082304800747,504.0
ensemble_shape_0.45_level_light,Item_11,0.2571977516507199,130.0,143.22185747639867,206.34736428062257,13.221857476398693,0.10170659597229764,336.0
ensemble_shape_0.45_level_light,Item_2,0.4850839577538368,1671.0,1469.2690994044524,965.2670492928479,-201.73090059554784,-0.12072465625107591,504.0
ensemble_shape_0.45_level_light,Item_3,0.713701344475358,5055.0,4636.577266247932,1447.2397036770644,-418.4227337520683,-0.0827740323940788,336.0
ensemble_shape_0.45_level_light,Item_4,0.3869291409129168,779.0,558.394285717545,612.8268915309255,-220.60571428245504,-0.2831909040853081,336.0
ensemble_shape_0.45_level_light,Item_5,0.5903500083364543,2754.0,2901.4294215225755,1128.1760770414044,147.429421522576,0.05353283279686856,168.0
ensemble_shape_0.45_level_light,Item_6,0.5495400336276189,2371.0,1901.3975151004834,1106.2067234817387,-469.6024848995166,-0.19806093838022631,336.0
ensemble_shape_0.45_level_light,Item_7,0.48198115007771,623.0,526.9335676181969,406.1053437591698,-96.06643238180311,-0.15419973094992473,168.0
ensemble_shape_0.45_level_light,Item_8,0.32271956233574073,583.0,420.23264942316223,590.1655994982846,-162.7673505768378,-0.2791892805777664,336.0
ensemble_shape_0.45_level_light,Item_9,0.38225986923599675,183.0,152.70917897349773,180.84784367831372,-30.29082102650228,-0.16552361216667913,168.0
ensemble_shape_0.45_level_medium,Item_0,0.556934769093736,5079.0,4278.371071164473,2284.0626063812224,-800.6289288355274,-0.15763515039092882,504.0
ensemble_shape_0.45_level_medium,Item_1,0.680705041423547,10234.0,11221.43682018002,3267.664606071419,987.4368201800223,0.096485911684583,336.0
ensemble_shape_0.45_level_medium,Item_10,0.40307555717267274,1231.0,1499.8785105595289,1205.4584999139179,268.878510559529,0.21842283554795205,504.0
ensemble_shape_0.45_level_medium,Item_11,0.2634016513269877,130.0,145.56326928770721,207.0757621761014,15.5632692877072,0.11971745605928616,336.0
ensemble_shape_0.45_level_medium,Item_2,0.4861431833139213,1671.0,1473.797588470903,963.4789234131404,-197.20241152909702,-0.11801460893422921,504.0
ensemble_shape_0.45_level_medium,Item_3,0.7138383240514886,5055.0,4635.095188271244,1446.5472719197248,-419.9048117287559,-0.08306722289391807,336.0
ensemble_shape_0.45_level_medium,Item_4,0.3883676737037688,779.0,565.4855759976335,613.9282562656098,-213.5144240023665,-0.27408783568981576,336.0
ensemble_shape_0.45_level_medium,Item_5,0.585304421485104,2754.0,2936.351513131762,1142.0716232300235,182.35151313176235,0.06621333083941988,168.0
ensemble_shape_0.45_level_medium,Item_6,0.5495722114717885,2371.0,1900.757021786027,1106.130429813213,-470.242978213973,-0.19833107474229145,336.0
ensemble_shape_0.45_level_medium,Item_7,0.4804659137909606,623.0,528.2498037633131,407.43743360482995,-94.7501962366868,-0.15208699235423243,168.0
ensemble_shape_0.45_level_medium,Item_8,0.32588123741604297,583.0,426.10937378170496,591.195610675763,-156.89062621829504,-0.26910913588043744,336.0
ensemble_shape_0.45_level_medium,Item_9,0.3834443627079392,183.0,154.83186592559971,181.62949599800078,-28.168134074400278,-0.15392422991475563,168.0
ensemble_shape_0.45_level_off,Item_0,0.5514357563195378,5079.0,4253.1675742420575,2311.9920922613755,-825.8324257579421,-0.16259744551249106,504.0
ensemble_shape_0.45_level_off,Item_1,0.6851077770413034,10234.0,11072.200899978234,3222.607009759301,838.2008999782341,0.08190354699806861,336.0
ensemble_shape_0.45_level_off,Item_10,0.40540225405417035,1231.0,1466.6361082131793,1192.8684740758251,235.63610821317945,0.1914184469644025,504.0
ensemble_shape_0.45_level_off,Item_11,0.24844232037953545,130.0,139.93677127384169,205.33869020857344,9.936771273841671,0.0764367021064744,336.0
ensemble_shape_0.45_level_off,Item_2,0.48324143228311417,1671.0,1462.518034650243,968.3710169803135,-208.48196534975713,-0.12476479075389416,504.0
ensemble_shape_0.45_level_off,Item_3,0.7136019784051031,5055.0,4637.298520040893,1447.7419991622041,-417.7014799591069,-0.082631351129398,336.0
ensemble_shape_0.45_level_off,Item_4,0.38242994309438855,779.0,547.2646467202491,612.7543663765235,-231.73535327975097,-0.2974779888058421,336.0
ensemble_shape_0.45_level_off,Item_5,0.5963899642066697,2754.0,2846.313278144341,1111.5420385748323,92.31327814434083,0.03351970883962993,168.0
ensemble_shape_0.45_level_off,Item_6,0.5494383905958425,2371.0,1901.7023828464194,1106.4477191100807,-469.2976171535805,-0.19793235645448357,336.0
ensemble_shape_0.45_level_off,Item_7,0.4839084735739304,623.0,524.9859467231299,404.335283545905,-98.01405327687007,-0.1573259282132746,168.0
ensemble_shape_0.45_level_off,Item_8,0.31779144432165096,583.0,409.96292876055406,587.9740457201308,-173.03707123944596,-0.29680458188584213,336.0
ensemble_shape_0.45_level_off,Item_9,0.37911730663580423,183.0,149.5617341575317,179.94376727199617,-33.43826584246828,-0.18272276416649336,168.0
ensemble_shape_0.45_level_strong,Item_0,0.5586663008511326,5079.0,4285.968186240019,2275.2681565854054,-793.0318137599804,-0.15613936085055727,504.0
ensemble_shape_0.45_level_strong,Item_1,0.6796337513058216,10234.0,11254.83948060932,3278.6281891362223,1020.8394806093203,0.09974980267826072,336.0
ensemble_shape_0.45_level_strong,Item_10,0.4020121782894721,1231.0,1508.5010798297797,1209.2757273869317,277.5010798297796,0.2254273597317462,504.0
ensemble_shape_0.45_level_strong,Item_11,0.26758157535200533,130.0,147.34136262844905,207.69231670252609,17.34136262844905,0.13339509714191577,336.0
ensemble_shape_0.45_level_strong,Item_2,0.48661781612131216,1671.0,1477.2501484504292,962.6688053820542,-193.74985154957096,-0.11594844497281326,504.0
ensemble_shape_0.45_level_strong,Item_3,0.7137980783394858,5055.0,4633.705995465596,1446.7507139938987,-421.29400453440303,-0.08334203848356143,336.0
ensemble_shape_0.45_level_strong,Item_4,0.38915221852508675,779.0,570.6056441928503,614.9235446614815,-208.39435580714968,-0.26751521926463373,336.0
ensemble_shape_0.45_level_strong,Item_5,0.5807714444464325,2754.0,2961.039965027487,1154.5554419945252,207.03996502748706,0.07517791032225384,168.0
ensemble_shape_0.45_level_strong,Item_6,0.5496192809125043,2371.0,1900.1470162574883,1106.0188281692756,-470.8529837425117,-0.19858835248524323,336.0
ensemble_shape_0.45_level_strong,Item_7,0.4792366340314043,623.0,529.2331180288876,408.51244724687047,-93.76688197111247,-0.15050863879793333,168.0
ensemble_shape_0.45_level_strong,Item_8,0.32812639786207526,583.0,430.07854013964493,591.7790359475503,-152.92145986035507,-0.2623009603093569,336.0
ensemble_shape_0.45_level_strong,Item_9,0.38406205403288407,183.0,156.45074043724367,182.22340328758162,-26.549259562756326,-0.14507792110795806,168.0
ensemble_shape_0.60_level_light,Item_0,0.545724590600905,5079.0,4374.531928697056,2341.78868800566,-704.4680713029443,-0.13870212075269625,504.0
ensemble_shape_0.60_level_light,Item_1,0.6620874025886392,10234.0,11350.434304577628,3458.1975219078668,1116.4343045776282,0.10909070789306509,336.0
ensemble_shape_0.60_level_light,Item_10,0.3972427789629005,1231.0,1501.7464325885662,1214.9394697960452,270.74643258856634,0.21994023768364446,504.0
ensemble_shape_0.60_level_light,Item_11,0.24738013724263336,130.0,138.857208422667,204.4569183756236,8.857208422666982,0.06813237248205371,336.0
ensemble_shape_0.60_level_light,Item_2,0.4782598450047204,1671.0,1494.7945094536522,978.1279552169211,-176.20549054634773,-0.10544912659865215,504.0
ensemble_shape_0.60_level_light,Item_3,0.7045729528233391,5055.0,4735.224782116081,1493.3837234780208,-319.7752178839195,-0.0632591924597269,336.0
ensemble_shape_0.60_level_light,Item_4,0.3827410329898749,779.0,565.1357513077168,619.8348796604189,-213.86424869228327,-0.2745369046114034,336.0
ensemble_shape_0.60_level_light,Item_5,0.5704330378847496,2754.0,2950.3819987833017,1183.0274136653993,196.38199878330164,0.071307915317103,168.0
ensemble_shape_0.60_level_light,Item_6,0.5421657651848347,2371.0,1940.1277973987417,1125.0028433684624,-430.87220260125815,-0.18172593951972085,336.0
ensemble_shape_0.60_level_light,Item_7,0.471782380475125,623.0,536.1919558692579,414.84620575223846,-86.80804413074215,-0.13933875462398418,168.0
ensemble_shape_0.60_level_light,Item_8,0.32211465241023385,583.0,426.5788582632888,593.3517752033413,-156.4211417367112,-0.26830384517446176,336.0
ensemble_shape_0.60_level_light,Item_9,0.3789778134722978,183.0,154.06158600447165,181.3789246422789,-28.938413995528347,-0.15813340981163032,168.0
ensemble_shape_0.60_level_medium,Item_0,0.5480537435168786,5079.0,4383.885252120466,2329.9589203454307,-695.114747879534,-0.1368605528410187,504.0
ensemble_shape_0.60_level_medium,Item_1,0.6604512837017704,10234.0,11400.78445237648,3474.9415625960814,1166.7844523764793,0.11401059726172359,336.0
ensemble_shape_0.60_level_medium,Item_10,0.39592243620973244,1231.0,1513.9103230521669,1219.9407584308112,282.9103230521669,0.22982154594002185,504.0
ensemble_shape_0.60_level_medium,Item_11,0.25366875130829164,130.0,141.2102267289669,205.17489702485236,11.210226728966905,0.08623251329974542,336.0
ensemble_shape_0.60_level_medium,Item_2,0.479102687607744,1671.0,1499.0147514418559,976.6750394868358,-171.985248558144,-0.10292354791031957,504.0
ensemble_shape_0.60_level_medium,Item_3,0.7046744877806809,5055.0,4733.027470220463,1492.8704642686578,-321.9725297795367,-0.0636938733490676,336.0
ensemble_shape_0.60_level_medium,Item_4,0.3843143204995524,779.0,572.2785528978775,620.7882774177169,-206.72144710212248,-0.2653677112992586,336.0
ensemble_shape_0.60_level_medium,Item_5,0.5652922244456444,2754.0,2984.304566823878,1197.1852138766953,230.30456682387756,0.08362547814955612,168.0
ensemble_shape_0.60_level_medium,Item_6,0.5422500103757232,2371.0,1939.108529117353,1124.803098020866,-431.891470882647,-0.18215582913650233,336.0
ensemble_shape_0.60_level_medium,Item_7,0.47046074537070875,623.0,537.3361763035537,416.0589366515084,-85.66382369644634,-0.137502124713397,168.0
ensemble_shape_0.60_level_medium,Item_8,0.32533703298825006,583.0,432.32784086100014,594.2760833819572,-150.67215913899986,-0.2584428115591764,336.0
ensemble_shape_0.60_level_medium,Item_9,0.3800258353714654,183.0,156.08069898273922,182.10171875599963,-26.919301017260757,-0.14710000555880196,168.0
ensemble_shape_0.60_level_off,Item_0,0.5422585463020019,5079.0,4360.823064600748,2359.392726999789,-718.176935399252,-0.14140124737138254,504.0
ensemble_shape_0.60_level_off,Item_1,0.6641246599379341,10234.0,11254.413503874755,3437.348230195182,1020.413503874755,0.0997081789989012,336.0
ensemble_shape_0.60_level_off,Item_10,0.39848831843552274,1231.0,1481.5114311369812,1207.6760822763176,250.51143113698132,0.20350238110234062,504.0
ensemble_shape_0.60_level_off,Item_11,0.2386880615618556,130.0,135.5420048938024,203.4016545237612,5.542004893802417,0.04263080687540321,336.0
ensemble_shape_0.60_level_off,Item_2,0.47659779925606294,1671.0,1488.364904121535,980.9247101249615,-182.63509587846502,-0.10929688562445543,504.0
ensemble_shape_0.60_level_off,Item_3,0.704185837470568,5055.0,4736.597473254735,1495.340591586279,-318.4025267452656,-0.06298764129481021,336.0
ensemble_shape_0.60_level_off,Item_4,0.37824574421937657,779.0,553.8754382778475,619.9071040893743,-225.1245617221525,-0.2889917352017362,336.0
ensemble_shape_0.60_level_off,Item_5,0.5762110873701778,2754.0,2895.972808822573,1167.1146653825303,141.9728088225727,0.05155149194719415,168.0
ensemble_shape_0.60_level_off,Item_6,0.5419726437276683,2371.0,1940.9230482487517,1125.460734343404,-430.07695175124843,-0.18139053215995293,336.0
ensemble_shape_0.60_level_off,Item_7,0.47350387359422,623.0,534.4180447784488,413.1911261117654,-88.58195522155111,-0.14218612395112537,168.0
ensemble_shape_0.60_level_off,Item_8,0.31672975330276537,583.0,416.5555254278104,591.5067597547529,-166.44447457218962,-0.2854965258528124,336.0
ensemble_shape_0.60_level_off,Item_9,0.37516454370279584,183.0,151.06947529025092,180.64026196715898,-31.93052470974908,-0.1744837415833283,168.0
ensemble_shape_0.60_level_strong,Item_0,0.5497458816835249,5079.0,4390.470187078468,2321.364550597033,-688.5298129215323,-0.13556405058506246,504.0
ensemble_shape_0.60_level_strong,Item_1,0.6595212020272972,10234.0,11431.049445309942,3484.460018452639,1197.0494453099413,0.11696789576997668,336.0
ensemble_shape_0.60_level_strong,Item_10,0.39513830666796435,1231.0,1522.0135349066263,1223.1204320915288,291.0135349066262,0.2364041713295095,504.0
ensemble_shape_0.60_level_strong,Item_11,0.257679182992712,130.0,142.98621235993585,205.8027105526147,12.986212359935848,0.09989394123027576,336.0
ensemble_shape_0.60_level_strong,Item_2,0.47964755504730877,1671.0,1502.044985472136,975.7311502800369,-168.95501452786382,-0.10111012239848224,504.0
ensemble_shape_0.60_level_strong,Item_3,0.7046466187634032,5055.0,4730.501377649198,1493.011342150997,-324.49862235080315,-0.0641935949259749,336.0
ensemble_shape_0.60_level_strong,Item_4,0.3852700739294084,779.0,577.2972998635445,621.5882421680082,-201.70270013645546,-0.2589251606372984,336.0
ensemble_shape_0.60_level_strong,Item_5,0.5609887428670612,2754.0,3007.6667353951048,1209.037002144113,253.66673539510475,0.09210847327345852,168.0
ensemble_shape_0.60_level_strong,Item_6,0.5423359922804014,2371.0,1937.9777499216352,1124.599234924874,-433.0222500783647,-0.18263274992761058,336.0
ensemble_shape_0.60_level_strong,Item_7,0.469401539040485,623.0,538.1050076523053,417.0010978626535,-84.89499234769474,-0.1362680455019177,168.0
ensemble_shape_0.60_level_strong,Item_8,0.3275420570204809,583.0,436.12009637439724,594.8065532284986,-146.87990362560276,-0.2519380851211025,336.0
ensemble_shape_0.60_level_strong,Item_9,0.3806785990450556,183.0,157.5876014652985,182.62935789601877,-25.41239853470151,-0.13886556576339623,168.0
hybrid_short_residual_beta_0.5,Item_0,0.5339524754435399,5079.0,4131.48671899051,2400.2912219952123,-947.5132810094902,-0.18655508584553854,504.0
hybrid_short_residual_beta_0.5,Item_1,0.7038625598359627,10234.0,11034.819496621232,3030.670562638758,800.8194966212317,0.07825087909138477,336.0
hybrid_short_residual_beta_0.5,Item_10,0.4117797253853607,1231.0,1473.9634213732668,1182.06285676471,242.96342137326687,0.19737077284587073,504.0
hybrid_short_residual_beta_0.5,Item_11,0.3000486618254264,130.0,168.42965673877637,220.40734118964002,38.429656738776394,0.2956127441444338,336.0
hybrid_short_residual_beta_0.5,Item_2,0.46003649457590795,1671.0,1500.1390175186266,1010.6621355637945,-170.86098248137336,-0.10225073757113905,504.0
hybrid_short_residual_beta_0.5,Item_3,0.7276079885642904,5055.0,4585.082519215563,1376.9416178075112,-469.91748078443675,-0.0929609259712041,336.0
hybrid_short_residual_beta_0.5,Item_4,0.360323186456625,779.0,494.2611551735407,606.3104912850476,-284.7388448264593,-0.3655184144113726,336.0
hybrid_short_residual_beta_0.5,Item_5,0.63558918144574,2754.0,2644.6896260097446,1003.5873942984321,-109.31037399025521,-0.03969149382362208,168.0
hybrid_short_residual_beta_0.5,Item_6,0.5594104812041907,2371.0,1863.019663101697,1079.2866319074974,-507.98033689830294,-0.2142472951911864,336.0
hybrid_short_residual_beta_0.5,Item_7,0.4922779477732019,623.0,497.3446934609694,391.96074155200984,-125.65530653903063,-0.20169391097757727,168.0
hybrid_short_residual_beta_0.5,Item_8,0.31810449299719024,583.0,386.2148557854491,578.1046109229662,-196.78514421455088,-0.3375388408482862,336.0
hybrid_short_residual_beta_0.5,Item_9,0.3946252127043027,183.0,156.6615783211717,181.3518832316767,-26.338421678828283,-0.1439258015236518,168.0
hybrid_short_residual_beta_0.7,Item_0,0.5336523574283818,5079.0,4143.586013658694,2402.35038755295,-935.4139863413061,-0.18417286598568736,504.0
hybrid_short_residual_beta_0.7,Item_1,0.7019991330023945,10234.0,11072.573795707578,3049.7408728534956,838.5737957075779,0.08193998394641176,336.0
hybrid_short_residual_beta_0.7,Item_10,0.4108981382112677,1231.0,1479.1034972909547,1185.4819912369353,248.1034972909549,0.2015463016173476,504.0
hybrid_short_residual_beta_0.7,Item_11,0.3004744403396737,130.0,168.96484092088536,220.83182295804465,38.96484092088535,0.2997295455452719,336.0
hybrid_short_residual_beta_0.7,Item_2,0.45994511535070215,1671.0,1504.116693183128,1011.2184663249477,-166.88330681687194,-0.09987032125486052,504.0
hybrid_short_residual_beta_0.7,Item_3,0.7277767575895299,5055.0,4597.729078537196,1376.088490384926,-457.27092146280387,-0.09045913382053489,336.0
hybrid_short_residual_beta_0.7,Item_4,0.36010849370226405,779.0,495.6076844763522,606.7032435105159,-283.3923155236478,-0.36378987872098567,336.0
hybrid_short_residual_beta_0.7,Item_5,0.6329946113479995,2754.0,2654.8924324372542,1010.7328403476092,-99.1075675627456,-0.03598677108305941,168.0
hybrid_short_residual_beta_0.7,Item_6,0.560086663619996,2371.0,1868.0830576547783,1077.9397375176334,-502.91694234522174,-0.21211174287019052,336.0
hybrid_short_residual_beta_0.7,Item_7,0.49292323459460213,623.0,498.83008320014585,391.9215237207053,-124.16991679985419,-0.19930965778467769,168.0
hybrid_short_residual_beta_0.7,Item_8,0.318459561921152,583.0,387.32083978353717,578.4338481075806,-195.67916021646283,-0.3356417842477922,336.0
hybrid_short_residual_beta_0.7,Item_9,0.3953518910514068,183.0,157.04839315605088,181.3536366456236,-25.95160684394911,-0.14181205925655252,168.0
hybrid_short_residual_beta_0.9,Item_0,0.5332441415064518,5079.0,4155.685308326878,2404.9585823791817,-923.3146916731218,-0.18179064612583615,504.0
hybrid_short_residual_beta_0.9,Item_1,0.6997167048351939,10234.0,11110.328094793924,3073.099242716625,876.328094793924,0.08562908880143874,336.0
hybrid_short_residual_beta_0.9,Item_10,0.4098432328142875,1231.0,1484.2435732086428,1189.1144804415346,253.24357320864289,0.20572183038882444,504.0
hybrid_short_residual_beta_0.9,Item_11,0.3009002188539211,130.0,169.5000251029943,221.25630472644932,39.500025102994314,0.3038463469461101,336.0
hybrid_short_residual_beta_0.9,Item_2,0.45973986970256864,1671.0,1508.0943688476295,1011.9650678788126,-162.90563115237052,-0.09748990493858199,504.0
hybrid_short_residual_beta_0.9,Item_3,0.7279175313217703,5055.0,4610.37563785883,1375.3768791684506,-444.624362141171,-0.08795734166986567,336.0
hybrid_short_residual_beta_0.9,Item_4,0.3598837608350073,779.0,496.95421377916364,607.10381698393,-282.04578622083636,-0.36206134303059867,336.0
hybrid_short_residual_beta_0.9,Item_5,0.6302062424958782,2754.0,2665.095238864764,1018.4120081663515,-88.90476113523596,-0.03228204834249672,168.0
hybrid_short_residual_beta_0.9,Item_6,0.5607137674718,2371.0,1873.1464522078595,1076.7092084030162,-497.8535477921405,-0.20997619054919464,336.0
hybrid_short_residual_beta_0.9,Item_7,0.4934731768180564,623.0,500.31547293932215,391.94170557392107,-122.6845270606778,-0.19692540459177815,168.0
hybrid_short_residual_beta_0.9,Item_8,0.3188146308451136,583.0,388.4268237816252,578.7630852921949,-194.5731762183748,-0.3337447276472981,336.0
hybrid_short_residual_beta_0.9,Item_9,0.39607856939851077,183.0,157.43520799093005,181.35539005957045,-25.56479200906994,-0.13969831698945323,168.0
item_prophet,Item_0,0.5304498224658628,5079.0,4169.731482887687,2418.812153411701,-909.2685171123129,-0.17902510673603325,504.0
item_prophet,Item_1,0.7171526866118308,10234.0,10810.450751409831,2894.659405214523,576.4507514098309,0.056327022807292446,336.0
item_prophet,Item_10,0.41433559780870016,1231.0,1437.9809486013237,1162.4543134186938,206.9809486013237,0.16814049439587628,504.0
item_prophet,Item_11,0.29755573782179984,130.0,172.32119755898626,224.12941590502092,42.321197558986256,0.3255476735306635,336.0
item_prophet,Item_2,0.44284165623799615,1671.0,1546.9149732894718,1048.6271197655328,-124.08502671052821,-0.0742579453683592,504.0
item_prophet,Item_3,0.734349796231903,5055.0,4709.788078712147,1342.861780047731,-345.21192128785447,-0.06829118126367052,336.0
item_prophet,Item_4,0.33573334242331976,779.0,446.1171276765943,610.9610036406405,-332.8828723234057,-0.42732076036380706,336.0
item_prophet,Item_5,0.6394551063786078,2754.0,2390.0769291884153,992.9406370333141,-363.9230708115849,-0.13214345345373454,168.0
item_prophet,Item_6,0.5697539134434207,2371.0,1876.1031386222028,1053.9790447831087,-494.8968613777972,-0.2087291697080545,336.0
item_prophet,Item_7,0.5151937203735278,623.0,492.11422640266846,374.0124600948826,-130.8857735973316,-0.21008952423327704,168.0
item_prophet,Item_8,0.29384307623722133,583.0,343.7545195719766,572.3499132427338,-239.24548042802346,-0.4103696062230248,336.0
item_prophet,Item_9,0.3922517042992076,183.0,145.7195638228647,176.87463198160094,-37.2804361771353,-0.20371823047614918,168.0
item_prophet_shape_0.30_level_light,Item_0,0.5151009579490943,5079.0,4323.522806845782,2498.434147547984,-755.4771931542177,-0.1487452634680484,504.0
item_prophet_shape_0.30_level_light,Item_1,0.6942423803306282,10234.0,11262.58418013513,3129.123479696351,1028.5841801351291,0.10050656440640308,336.0
item_prophet_shape_0.30_level_light,Item_10,0.4101400117582158,1231.0,1510.6476444335976,1193.6330744232266,279.6476444335978,0.2271711165179511,504.0
item_prophet_shape_0.30_level_light,Item_11,0.29533696613420474,130.0,170.35741259454363,223.1463364506231,40.35741259454363,0.31044163534264335,336.0
item_prophet_shape_0.30_level_light,Item_2,0.44819796072129225,1671.0,1586.4885177392975,1038.9576818470607,-84.5114822607025,-0.050575393333753736,504.0
item_prophet_shape_0.30_level_light,Item_3,0.7309440423802944,5055.0,4794.981506200706,1360.0778657676115,-260.01849379929445,-0.051437882057229364,336.0
item_prophet_shape_0.30_level_light,Item_4,0.33516977418988714,779.0,465.2393564874634,619.025288722661,-313.7606435125366,-0.40277361169773634,336.0
item_prophet_shape_0.30_level_light,Item_5,0.6286887043802122,2754.0,2558.3177423678762,1022.5913081368956,-195.682257632124,-0.07105383356286274,168.0
item_prophet_shape_0.30_level_light,Item_6,0.5591065143626385,2371.0,1914.8205520174931,1081.7975326436338,-456.1794479825069,-0.19239959847427535,336.0
item_prophet_shape_0.30_level_light,Item_7,0.48632989746532207,623.0,508.86398679891454,398.275123535068,-114.13601320108545,-0.18320387351699108,168.0
item_prophet_shape_0.30_level_light,Item_8,0.31492906097159334,583.0,374.64821413678783,573.683002741134,-208.35178586321217,-0.3573787064549094,336.0
item_prophet_shape_0.30_level_light,Item_9,0.3994194199847183,183.0,161.50827066951933,181.7185126673301,-21.49172933048068,-0.11744114388240809,168.0
item_prophet_shape_0.30_level_medium,Item_0,0.515091007281325,5079.0,4323.174723772301,2498.4846869895828,-755.8252762276991,-0.14881379724900554,504.0
item_prophet_shape_0.30_level_medium,Item_1,0.6910134703886098,10234.0,11343.958102000932,3162.1681440429675,1109.9581020009314,0.10845789544664172,336.0
item_prophet_shape_0.30_level_medium,Item_10,0.408747315426079,1231.0,1527.8976970682488,1200.714324517993,296.89769706824893,0.24118415683854502,504.0
item_prophet_shape_0.30_level_medium,Item_11,0.30512032375009185,130.0,174.8797485588662,225.12499943481504,44.87974855886622,0.3452288350682017,336.0
item_prophet_shape_0.30_level_medium,Item_2,0.4512169146136094,1671.0,1595.5702712898035,1033.9484330745215,-75.42972871019649,-0.0451404719989207,504.0
item_prophet_shape_0.30_level_medium,Item_3,0.7309055631956227,5055.0,4794.29932295303,1360.2723780461276,-260.7006770469699,-0.051572834232832813,336.0
item_prophet_shape_0.30_level_medium,Item_4,0.33551618420479684,779.0,468.02750517738787,619.3771935356215,-310.9724948226121,-0.39919447345649817,336.0
item_prophet_shape_0.30_level_medium,Item_5,0.6219507049896885,2754.0,2616.4269771658073,1041.147758458398,-137.57302283419241,-0.049953893549089474,168.0
item_prophet_shape_0.30_level_medium,Item_6,0.5589790950167246,2371.0,1915.1713330060893,1082.0996439127957,-455.8286669939108,-0.1922516520429822,336.0
item_prophet_shape_0.30_level_medium,Item_7,0.4848844641084649,623.0,510.96139719779063,399.7437527771544,-112.03860280220931,-0.17983724366325732,168.0
item_prophet_shape_0.30_level_medium,Item_8,0.32022316002140255,583.0,386.5239449532935,576.5801609413962,-196.47605504670648,-0.3370086707490677,336.0
item_prophet_shape_0.30_level_medium,Item_9,0.3943075022677754,183.0,167.22546084609633,185.39753614701758,-15.774539153903657,-0.08619966750767026,168.0
item_prophet_shape_0.30_level_off,Item_0,0.5150617157247311,5079.0,4323.323495588242,2498.6334588055242,-755.6765044117582,-0.14878450569241153,504.0
item_prophet_shape_0.30_level_off,Item_1,0.6998759679737208,10234.0,11115.155318951165,3071.4693437569417,881.155318951166,0.08610077378846649,336.0
item_prophet_shape_0.30_level_off,Item_10,0.4111237864871659,1231.0,1482.453379320487,1183.4004577562027,251.45337932048713,0.2042675705284217,504.0
item_prophet_shape_0.30_level_off,Item_11,0.2815710037303829,130.0,164.00316616830892,220.37124024938208,34.00316616830893,0.2615628166792995,336.0
item_prophet_shape_0.30_level_off,Item_2,0.442960458536244,1671.0,1573.4094974471134,1047.664003907747,-97.59050255288642,-0.058402455148346154,504.0
item_prophet_shape_0.30_level_off,Item_3,0.7308837577336429,5055.0,4794.341306730839,1360.3826046564354,-260.658693269161,-0.05156452883662928,336.0
item_prophet_shape_0.30_level_off,Item_4,0.33440643961359207,779.0,460.82819628783193,618.6669532115027,-318.1718037121681,-0.4084362050220387,336.0
item_prophet_shape_0.30_level_off,Item_5,0.6310212647470442,2754.0,2468.9884316394623,1016.1674368866403,-285.0115683605375,-0.10349003934660041,168.0
item_prophet_shape_0.30_level_off,Item_6,0.5591854547684373,2371.0,1913.682633936792,1081.6103649414847,-457.31736606320817,-0.19287953018271117,336.0
item_prophet_shape_0.30_level_off,Item_7,0.48787533685834844,623.0,505.8220483603541,396.4862249725012,-117.17795163964597,-0.1880865997426099,168.0
item_prophet_shape_0.30_level_off,Item_8,0.30264684387594376,583.0,354.0901468681131,570.4089128630919,-228.90985313188688,-0.392641257516101,336.0
item_prophet_shape_0.30_level_off,Item_9,0.3955443927501427,183.0,153.3396529295938,178.34264854237793,-29.66034707040622,-0.16207839929183726,168.0
item_prophet_shape_0.30_level_strong,Item_0,0.515319295873503,5079.0,4322.015246012629,2497.3252092299117,-756.9847539873707,-0.14904208584118345,504.0
item_prophet_shape_0.30_level_strong,Item_1,0.68904148075422,10234.0,11397.52901904965,3182.349485961312,1163.5290190496512,0.11369249746430049,336.0
item_prophet_shape_0.30_level_strong,Item_10,0.40715416040437913,1231.0,1539.727383815171,1206.3906438253316,308.72738381517075,0.25079397547942384,504.0
item_prophet_shape_0.30_level_strong,Item_11,0.31196504327545094,130.0,178.3002641033376,226.7108006355151,48.30026410333758,0.3715404931025968,336.0
item_prophet_shape_0.30_level_strong,Item_2,0.4533965531571942,1671.0,1602.520616159939,1030.341680249714,-68.47938384006086,-0.04098107949734343,504.0
item_prophet_shape_0.30_level_strong,Item_3,0.7310809563706941,5055.0,4793.299206954385,1359.385765546141,-261.70079304561455,-0.05177068111683769,336.0
item_prophet_shape_0.30_level_strong,Item_4,0.3357926826269212,779.0,469.98914963387324,619.5782819230217,-309.01085036612676,-0.39667631625946953,336.0
item_prophet_shape_0.30_level_strong,Item_5,0.6162763256626377,2754.0,2658.298382244883,1056.774999125096,-95.70161775511656,-0.034750042757849146,168.0
item_prophet_shape_0.30_level_strong,Item_6,0.5589266961661001,2371.0,1915.1630490354662,1082.2238815876262,-455.8369509645338,-0.192255145915029,336.0
item_prophet_shape_0.30_level_strong,Item_7,0.4836548451679492,623.0,512.5240007262918,400.94937516735087,-110.47599927370815,-0.1773290518037049,168.0
item_prophet_shape_0.30_level_strong,Item_8,0.3239643972772631,583.0,394.30643373533167,578.3249067451602,-188.69356626466828,-0.3236596333870811,336.0
item_prophet_shape_0.30_level_strong,Item_9,0.3891451939685326,183.0,171.6348739537303,188.43729357552598,-11.365126046269687,-0.062104513914042,168.0
item_prophet_shape_0.45_level_light,Item_0,0.5023821819457243,5079.0,4427.70074708675,2563.877937173517,-651.2992529132492,-0.12823375721859603,504.0
item_prophet_shape_0.45_level_light,Item_1,0.6786717879047223,10234.0,11426.089870293581,3288.4729225830724,1192.0898702935815,0.11648327831674629,336.0
item_prophet_shape_0.45_level_light,Item_10,0.40488883695183936,1231.0,1532.203839382756,1208.3917348157581,301.2038393827562,0.2446822415781935,504.0
item_prophet_shape_0.45_level_light,Item_11,0.28404153124933096,130.0,165.96055854823916,221.5155572952048,35.960558548239156,0.2766196811403012,336.0
item_prophet_shape_0.45_level_light,Item_2,0.4430789633091804,1671.0,1612.5739808956694,1048.9362465788286,-58.42601910433061,-0.03496470323418947,504.0
item_prophet_shape_0.45_level_light,Item_3,0.7211519692801169,5055.0,4879.8527934717695,1409.5767952890087,-175.14720652823084,-0.03464830989678157,336.0
item_prophet_shape_0.45_level_light,Item_4,0.3316274371777817,779.0,471.82408440914617,624.9396582929846,-307.1759155908539,-0.3943208159061026,336.0
item_prophet_shape_0.45_level_light,Item_5,0.6161821113164491,2754.0,2599.848790709174,1057.0344654344995,-154.15120929082582,-0.05597356909616043,168.0
item_prophet_shape_0.45_level_light,Item_6,0.5513028368479308,2371.0,1949.2877346396895,1101.7845129815025,-421.71226536031037,-0.17786261719118954,336.0
item_prophet_shape_0.45_level_light,Item_7,0.4733554530988974,623.0,519.0622052976923,409.08492913443786,-103.93779470230768,-0.16683434141622422,168.0
item_prophet_shape_0.45_level_light,Item_8,0.3161997158305486,583.0,379.0531470100733,574.1038757773074,-203.94685298992667,-0.34982307545441965,336.0
item_prophet_shape_0.45_level_light,Item_9,0.39888215501238844,183.0,165.09983905115672,182.70493560076977,-17.900160948843293,-0.09781508715214915,168.0
item_prophet_shape_0.45_level_medium,Item_0,0.5027523554123337,5079.0,4425.698389664965,2561.9978261366073,-653.301610335034,-0.12862799967218624,504.0
item_prophet_shape_0.45_level_medium,Item_1,0.6756748364697814,10234.0,11501.820053722178,3319.143723568257,1267.8200537221771,0.12388313989859069,336.0
item_prophet_shape_0.45_level_medium,Item_10,0.4032301973009387,1231.0,1547.9446213742597,1215.3470156664393,316.94462137425967,0.2574692293860761,504.0
item_prophet_shape_0.45_level_medium,Item_11,0.29351980370541175,130.0,170.3718044676432,223.4624523760278,40.37180446764319,0.31055234205879373,336.0
item_prophet_shape_0.45_level_medium,Item_2,0.44600787092252847,1671.0,1621.1151707699094,1044.081749699772,-49.88482923009067,-0.029853279012621588,504.0
item_prophet_shape_0.45_level_medium,Item_3,0.7214071104427723,5055.0,4877.816847333881,1408.287056711786,-177.18315266611978,-0.03505106877668047,336.0
item_prophet_shape_0.45_level_medium,Item_4,0.33181046702097305,779.0,474.0788776787398,625.2207942740151,-304.9211223212602,-0.3914263444432095,336.0
item_prophet_shape_0.45_level_medium,Item_5,0.609424535981913,2754.0,2657.0726033382375,1075.6448279058113,-96.9273966617623,-0.03519513313789481,168.0
item_prophet_shape_0.45_level_medium,Item_6,0.5512188936156149,2371.0,1948.6765449820516,1101.9835423853235,-422.3234550179485,-0.17812039435594623,336.0
item_prophet_shape_0.45_level_medium,Item_7,0.4722041242479725,623.0,520.6530794530448,410.3367475754203,-102.34692054695513,-0.16428077134342717,168.0
item_prophet_shape_0.45_level_medium,Item_8,0.3212666515297943,583.0,390.2531020030251,576.7799251145452,-192.7468979969749,-0.3306121749519295,336.0
item_prophet_shape_0.45_level_medium,Item_9,0.3925211896511872,183.0,170.55109542828373,186.5297798216181,-12.448904571716263,-0.06802680093834024,168.0
item_prophet_shape_0.45_level_off,Item_0,0.5023176600637188,5079.0,4427.906207340581,2564.205643812222,-651.093792659419,-0.12819330432357137,504.0
item_prophet_shape_0.45_level_off,Item_1,0.683389589460104,10234.0,11282.795810116044,3240.1909414652955,1048.7958101160445,0.10248151359351618,336.0
item_prophet_shape_0.45_level_off,Item_10,0.4058996592564685,1231.0,1505.4494206336547,1198.70221587817,274.4494206336546,0.22294835144894767,504.0
item_prophet_shape_0.45_level_off,Item_11,0.27022957625335087,130.0,159.70706927020544,218.85317631612588,29.707069270205427,0.22851591746311867,336.0
item_prophet_shape_0.45_level_off,Item_2,0.43828851588311923,1671.0,1599.61751213763,1056.8900314155426,-71.38248786237008,-0.04271842481290849,504.0
item_prophet_shape_0.45_level_off,Item_3,0.7210460773830615,5055.0,4879.278597299594,1410.1120788286244,-175.7214027004053,-0.03476189964399709,336.0
item_prophet_shape_0.45_level_off,Item_4,0.3309554607038937,779.0,467.9028202617899,624.6209712547013,-311.0971797382102,-0.39935453111451885,336.0
item_prophet_shape_0.45_level_off,Item_5,0.6188735913201061,2754.0,2511.326062563474,1049.622129504428,-242.67393743652664,-0.08811689812510046,168.0
item_prophet_shape_0.45_level_off,Item_6,0.5513287942590137,2371.0,1948.5880471431165,1101.722967959825,-422.4119528568837,-0.17815771946726433,336.0
item_prophet_shape_0.45_level_off,Item_7,0.4746396230279888,623.0,516.5642675866405,407.4876683412569,-106.43573241335945,-0.17084387225258338,168.0
item_prophet_shape_0.45_level_off,Item_8,0.3048449210775681,583.0,359.2825652538436,570.7513342319698,-223.71743474615647,-0.38373487949598023,336.0
item_prophet_shape_0.45_level_off,Item_9,0.3957574899007769,183.0,157.20753342608867,179.33743846402143,-25.792466573911327,-0.1409424402945974,168.0
item_prophet_shape_0.45_level_strong,Item_0,0.5029782583321285,5079.0,4424.230335487632,2560.8504652069696,-654.7696645123679,-0.12891704361338213,504.0
item_prophet_shape_0.45_level_strong,Item_1,0.6739981925837799,10234.0,11551.865062398108,3336.3024970975966,1317.8650623981075,0.12877321305433923,336.0
item_prophet_shape_0.45_level_strong,Item_10,0.4018323018406107,1231.0,1558.7142403573728,1220.4041219620965,327.71424035737266,0.266217904433284,504.0
item_prophet_shape_0.45_level_strong,Item_11,0.3006155885051471,130.0,173.7345907519908,224.94843882406946,43.734590751990794,0.33641992886146765,336.0
item_prophet_shape_0.45_level_strong,Item_2,0.4483259463357209,1671.0,1627.847116395076,1040.2391835955461,-43.152883604924085,-0.025824586238733745,504.0
item_prophet_shape_0.45_level_strong,Item_3,0.7215508461412562,5055.0,4876.593894387617,1407.5604727559498,-178.40610561238287,-0.035292998142904625,336.0
item_prophet_shape_0.45_level_strong,Item_4,0.33192955902157,779.0,475.7983731796394,625.483676134216,-303.2016268203607,-0.38921903314552075,336.0
item_prophet_shape_0.45_level_strong,Item_5,0.6040338113529361,2754.0,2698.5658965516845,1090.4908835340138,-55.43410344831524,-0.02012857786794308,168.0
item_prophet_shape_0.45_level_strong,Item_6,0.5511764407340475,2371.0,1948.3720738243032,1102.0841981675198,-422.6279261756967,-0.17824880901547732,336.0
item_prophet_shape_0.45_level_strong,Item_7,0.4713572750620244,623.0,521.8909603101847,411.2776670136611,-101.10903968981522,-0.16229380367546584,168.0
item_prophet_shape_0.45_level_strong,Item_8,0.3250461812679393,583.0,397.73458573965814,578.3071093427315,-185.26541426034186,-0.3177794412698831,336.0
item_prophet_shape_0.45_level_strong,Item_9,0.3868619927785671,183.0,174.78291315939362,189.57411484545077,-8.217086840606395,-0.044902113883095056,168.0
item_prophet_shape_0.60_level_light,Item_0,0.49021523182014565,5079.0,4510.834491256461,2626.5273836168208,-568.1655087435395,-0.11186562487567227,504.0
item_prophet_shape_0.60_level_light,Item_1,0.6603011284308845,10234.0,11600.370203427314,3476.478251638327,1366.3702034273133,0.1335128203466204,336.0
item_prophet_shape_0.60_level_light,Item_10,0.3972322967618251,1231.0,1547.2055574429164,1224.1395881361927,316.20555744291653,0.25686885251252356,504.0
item_prophet_shape_0.60_level_light,Item_11,0.2707963994906063,130.0,160.80908138661022,219.63642921679718,30.809081386610224,0.23699293374315555,336.0
item_prophet_shape_0.60_level_light,Item_2,0.4362833336872725,1671.0,1632.1078752975404,1061.254035002446,-38.892124702459725,-0.023274760444320603,504.0
item_prophet_shape_0.60_level_light,Item_3,0.7091475255189519,5055.0,4961.100509004054,1470.2592585016982,-93.89949099594602,-0.018575566962600598,336.0
item_prophet_shape_0.60_level_light,Item_4,0.3275431840925234,779.0,475.02225780300284,630.3382966811309,-303.97774219699716,-0.3902153301630259,336.0
item_prophet_shape_0.60_level_light,Item_5,0.6019243712443979,2754.0,2641.9416469538514,1096.3002815929283,-112.05835304614857,-0.04068930756940761,168.0
item_prophet_shape_0.60_level_light,Item_6,0.5400922356310975,2371.0,1981.8528004888701,1129.7814021910049,-389.14719951112994,-0.1641278783260776,336.0
item_prophet_shape_0.60_level_light,Item_7,0.46233535548830085,623.0,526.754395726532,418.07297314002915,-96.24560427346798,-0.15448732628165004,168.0
item_prophet_shape_0.60_level_light,Item_8,0.3146092950917465,583.0,381.26383871067674,575.6303905624279,-201.73616128932326,-0.34603115143966257,336.0
item_prophet_shape_0.60_level_light,Item_9,0.3952195578919887,183.0,166.6032784227378,183.28173057555864,-16.39672157726222,-0.08959957146044929,168.0
item_prophet_shape_0.60_level_medium,Item_0,0.4906987168589998,5079.0,4508.312027994589,2624.071763104481,-570.6879720054117,-0.11236227052675954,504.0
item_prophet_shape_0.60_level_medium,Item_1,0.6576137210548121,10234.0,11674.049075191324,3503.9811787250533,1440.0490751913246,0.1407122410779094,336.0
item_prophet_shape_0.60_level_medium,Item_10,0.39554763449032804,1231.0,1562.5646616386312,1230.8222119249958,331.56466163863104,0.269345785246654,504.0
item_prophet_shape_0.60_level_medium,Item_11,0.2805429746299233,130.0,165.2659794659595,221.55921775992408,35.26597946595951,0.27127676512276544,336.0
item_prophet_shape_0.60_level_medium,Item_2,0.439253811879158,1671.0,1640.6070481179413,1056.2991780373864,-30.39295188205881,-0.018188481078431365,504.0
item_prophet_shape_0.60_level_medium,Item_3,0.7094735980011561,5055.0,4958.82276787378,1468.610962104156,-96.17723212621968,-0.019026158679766505,336.0
item_prophet_shape_0.60_level_medium,Item_4,0.32783632913671923,779.0,477.2365120121957,630.502428572981,-301.76348798780435,-0.38737289857227775,336.0
item_prophet_shape_0.60_level_medium,Item_5,0.5954484341787878,2754.0,2699.0462400695747,1114.1350122716185,-54.95375993042519,-0.019954161194780388,168.0
item_prophet_shape_0.60_level_medium,Item_6,0.5400638714549381,2371.0,1981.0750009887802,1129.8486536526789,-389.92499901122017,-0.1644559253526867,336.0
item_prophet_shape_0.60_level_medium,Item_7,0.4616181141994149,623.0,528.2426870533243,419.0408440536452,-94.7573129466758,-0.15209841564474447,168.0
item_prophet_shape_0.60_level_medium,Item_8,0.31973135973207395,583.0,392.5364962606026,578.2927084287179,-190.46350373939745,-0.32669554672280865,336.0
item_prophet_shape_0.60_level_medium,Item_9,0.38694245243822806,183.0,172.0391007868383,187.4013087608364,-10.960899213161689,-0.05989562411563764,168.0
item_prophet_shape_0.60_level_off,Item_0,0.4897905916606476,5079.0,4512.9243958770185,2628.6841309869114,-566.0756041229811,-0.11145414532840738,504.0
item_prophet_shape_0.60_level_off,Item_1,0.6641358103808446,10234.0,11459.916222497293,3437.2341165624366,1225.9162224972943,0.11978856971832072,336.0
item_prophet_shape_0.60_level_off,Item_10,0.3983761826846132,1231.0,1520.9543060624746,1214.6567754423675,289.9543060624747,0.23554370923028,504.0
item_prophet_shape_0.60_level_off,Item_11,0.2569202969077972,130.0,154.5312802012019,216.96641470291925,24.531280201201888,0.18870215539386068,336.0
item_prophet_shape_0.60_level_off,Item_2,0.4317997005966461,1671.0,1619.2977429877121,1068.73910230412,-51.7022570122879,-0.03094090784697062,504.0
item_prophet_shape_0.60_level_off,Item_3,0.7088142292199641,5055.0,4961.596165451809,1471.9440712930814,-93.40383454819057,-0.01847751425285669,336.0
item_prophet_shape_0.60_level_off,Item_4,0.32685148980711004,779.0,471.2592692090751,630.1618100176161,-307.7407307909249,-0.395045867510815,336.0
item_prophet_shape_0.60_level_off,Item_5,0.604439592071046,2754.0,2553.7366734794487,1089.3733634363398,-200.26332652055123,-0.07271725726962644,168.0
item_prophet_shape_0.60_level_off,Item_6,0.5399704476391131,2371.0,1981.8415621884228,1130.0701615199996,-389.1584378115771,-0.16413261822504305,336.0
item_prophet_shape_0.60_level_off,Item_7,0.46316221453149753,623.0,524.4822406743374,416.7776428670687,-98.5177593256625,-0.1581344451455257,168.0
item_prophet_shape_0.60_level_off,Item_8,0.3034126243796014,583.0,361.4568390381065,572.1802752610862,-221.54316096189345,-0.3800054218900402,336.0
item_prophet_shape_0.60_level_off,Item_9,0.3920035101006565,183.0,158.75451280773373,179.9922442456005,-24.245487192266275,-0.13248900105063538,168.0
item_prophet_shape_0.60_level_strong,Item_0,0.49098026926341093,5079.0,4505.719212596691,2622.641758442476,-573.2807874033088,-0.11287276775020845,504.0
item_prophet_shape_0.60_level_strong,Item_1,0.6561314901360986,10234.0,11720.406805021546,3519.1503299471665,1486.406805021546,0.14524201729739555,336.0
item_prophet_shape_0.60_level_strong,Item_10,0.3945284757707927,1231.0,1572.6636347316849,1235.1101802149537,341.6636347316849,0.27754966265774567,504.0
item_prophet_shape_0.60_level_strong,Item_11,0.2875305815734071,130.0,168.62066602386125,223.0365571772658,38.620666023861254,0.29708204633739427,336.0
item_prophet_shape_0.60_level_strong,Item_2,0.44147525346324906,1671.0,1647.0489926629643,1052.5955575054552,-23.951007337035648,-0.014333337724138629,504.0
item_prophet_shape_0.60_level_strong,Item_3,0.7095616538463356,5055.0,4956.5245718019505,1468.165839806773,-98.47542819804944,-0.019480796873995933,336.0
item_prophet_shape_0.60_level_strong,Item_4,0.3280296455635017,779.0,478.8345077967998,630.6638829031955,-300.1654922032002,-0.38532155610166907,336.0
item_prophet_shape_0.60_level_strong,Item_5,0.5905472250287007,2754.0,2740.031103600919,1127.6329422709582,-13.968896399081338,-0.005072220914699106,168.0
item_prophet_shape_0.60_level_strong,Item_6,0.540034483459736,2371.0,1980.2463719899408,1129.9183325893027,-390.753628010059,-0.16480541037961155,336.0
item_prophet_shape_0.60_level_strong,Item_7,0.4610222288471106,623.0,529.289621560675,419.81787479508125,-93.71037843932501,-0.15041794292026486,168.0
item_prophet_shape_0.60_level_strong,Item_8,0.32363010811802195,583.0,399.9619865325619,579.6847793210369,-183.0380134674381,-0.31395885671944784,336.0
item_prophet_shape_0.60_level_strong,Item_9,0.38035088482379154,183.0,176.19697219908852,190.52586005917496,-6.803027800911458,-0.037175015305527095,168.0
